Serial No,Flashcard ID,Year,Intervention ,Highlight,Participant Type,Participants (n),Intervention Duration,Proven Benefits Statement,Study Design,Follow-up Timepoints,Citation Short,Link to Published Study,Annotated PDF (Internal Use ONLY),Journal,Study Population,Subtopic,Journal Reputation,Corresponding Author Affiliation,Geography (Country),Source Documents,Validation,Rating
1,ACHARYA_2017_01,2017,SKY,,Healthy Males,100,3+ years,↑ 6% increased Forced Vital Capacity (FVC)|↑ 6% increased Forced Expiratory Volume (FEV1)|↑ 8% increased Peak Expiratory Flow Rate (PEFR),Cross-Sectional Study,,"Acharya et al., 2017",https://www.saspublishers.com/media/articles/SJAMS_59D3785-3788.pdf,Acharya-2017-Comparative Study of Pulmonary Fu.pdf,Scholars Journal of Applied Medical Sciences,Practitioners / Meditators,PH: Breath / Lungs,Predatory,"RNT Medical College, Udaipur",India,"Fact-Check Master Doc, TC Explorer",Reviewed,
2,CARTER_2013_01,,SKY,,Vietnam Veterans with PTSD,25,6 weeks,↓ 25% reduction in PTSD symptoms (6 weeks)|↓ 32% reduction in depression (6 weeks)|↓ 53% reduction in PTSD symptoms (6 months),Randomised Controlled Trial,6 months,"Carter et al., 2013",,J.Carter-2013-Multi-Component Yoga Breath Prog.pdf,Journal of Traumatic Stress Disorders & Treatment,At-risk Communities,"MH: Stress, MH: Anxiety, MH: Depression, SH: At-risk Communities",Predatory,"START Clinic for the Mood and
Anxiety Disorders, 32 Park Road, Toronto, Ontario, Canada,",Canada,"Fact-Check Master Doc, TC Explorer",Reviewed,
2,AGTE_2004_01,2004,SKY,,T2D Patients,35,4 months,↓ 17% reduced fasting glucose|↓ 16% reduced triglycerides|↓ 15% reduced cholesterol,Observational Study,,"Agte and Tarwadi, 2004",https://journals.sagepub.com/doi/abs/10.1089/1076280041580323?cf-mal-redirected=true&journalCode=act,Agte-2004-Sudarshan Kriya Yoga for Treating Ty.pdf,Alternative and Complementary Therapies,Patients,PH: Diabetes,Mixed Reputation,"Agharkar Research Institute, Pune",India,"Fact-Check Master Doc, TC Explorer, FC-Worksheet",Reviewed,
1,AGTE_2008_01,2008,SKY,Reduces anxiety and improves physical balance in healthy adults,Healthy Adults,37,2 months,↓ 19% reduced anxiety|↓ 13% decreased malondialdehyde (MDA)|↑ 28% increased superoxide dismutase (SOD),Single-Arm Pre-Post Study,,"Agte and Chiplonkar, 2008",https://journals.sagepub.com/doi/10.1089/act.2008.14204?cf-mal-redirected=true&,Agte-2008-Sudarshan Kriya Yoga for Improving A.pdf,Alternative and Complementary Therapies,General Population,"PH: Biomarkers, MH: Anxiety",Acceptable,"Agharkar Research Institute, Pune",India,"Fact-Check Master Doc, TC Explorer, FC-Worksheet.",Reviewed,
2,AHMAD_2016_01,2016,SKY,Improves breathing and lung capacity in medical students,Medical Students,30,90 days,↑ 12% increased Vital Capacity (FVC)|↑ 15% increased Peak Expiratory Flow Rate (PEFR),Single-Arm Pre-Post Study,,"Ahmad et al., 2016",https://www.ijbamr.com/assets/images/issues/pdf/June%202016%20748-752.pdf.pdf,Ahmad-2016-Assessment of Pulmonary functions a.pdf,Indian Journal of Basic and Applied Medical Research,Youth & Students,"PH: Breath / Lungs, MH: Stress",Acceptable,Hind Institute of Medical Sciences,India,"Fact-Check Master Doc, TC Explorer",Reviewed,
3,AHMAD_2016a_01,2016,SKY,,Medical Students,30,3 months,Reduced blood pressure|Improved cholesterol levels|Reduced blood sugar,Single-Arm Pre-Post Study,,"Ahmad et al., 2016",https://www.msjonline.org/index.php/ijrms/article/view/879,Ahmad-2016-Impact of sudarshan kriya yoga on m.pdf,International Journal of Research in Medical Sciences,Youth & Students,"SH: Youth & Students, PH: Heart",Mixed Reputation,"Hind Instituite of Medical Sciences, Barbanksi, India",India,Fact-Check Master Doc,Reviewed,
3,AYYILDIZ_2017_01,2017,SKY,Supports immune function at the cellular level in healthy adults,Healthy Adults,10,4 days,"↑ 217 genes showed altered expression in immune cells, including cancer regulation pathways|↓ Reduced expression of genes linked to cell death and DNA damage",Observational Study,,"Ayyildiz and Arga, 2017",https://pubmed.ncbi.nlm.nih.gov/28692417/,Ayyildiz-2017-Hypothesis_ Are There Molecular.pdf,OMICS: A Journal of Integrative Biology,General Population,"PH: Cancer, PH: Genes, PH: Biomarkers",Acceptable,"University of Udine, Udine, Italy.",Italy,Fact-Check Master Doc.,Reviewed,⭐⭐⭐⭐⭐
4,BALASUBRAMANIAN_2025_01,2025,SKY,Reduces inflammation and strengthens immunity in healthcare workers,Healthcare Workers,38,12 weeks,"Reduced markers of inflammation (ESR, CRP, N:L ratio)|↑ Increased anti-inflammatory cytokine IL-4|↑ Increased CD56+ and CD8+ immune cell counts",Randomised Controlled Trial,,"Balasubramanian et al., 2025",https://publish.kne-publishing.com/index.php/tim/article/view/17474/16332,Balasubramanian-2025-Effect of a Yogic Breathi.pdf,Traditional and Integrative Medicine,Professionals,"PH: Biomarkers, PH: Immunity",Acceptable,"Sri Ramachandra Institute, Chennai",India,"Fact-Check Master Doc, TC Explorer, FC-Worksheet.",Reviewed,
5,BAYLEY_2022_01,2022,SKY,Reduces PTSD and depression symptoms in war veterans,War Veterans with PTSD,85,6 weeks,Reduced PTSD and depression symptoms|Improved overall mood|Found as effective as standard Cognitive Processing Therapy (CPT),Randomised Controlled Trial,,"Bayley et al., 2022",https://pubmed.ncbi.nlm.nih.gov/36008059/,Bayley-2022-Randomised clinical non-inferiorit.pdf,BMJ Open,At-risk Communities,"SH: At-risk Communities, MH: Stress",Acceptable,"War Related Illness and Injury Study Center, VA Palo Alto Health Care System, Palo Alto, California, USA",USA,"Fact-Check Master Doc, TC Explorer",Reviewed,⭐⭐⭐⭐⭐
6,BHASKAR_2017_01,2017,SKY,Improves heart recovery and stress response in healthy adults,Healthy Adults,30,Single SKY Session,↓ 13% reduced heart rate|↑ 18% improved sympathovagal balance|Increased heart efficiency,Single-Arm Pre-Post Study,,"Bhaskar et al., 2017",https://pubmed.ncbi.nlm.nih.gov/28691853/,Bhaskar-2017-Assessment of Cardiac Autonomic T.pdf,Journal of Alternative and Complementary Medicine,General Population,"PH: Heart, PH: Vagus Nerve",Acceptable,"AIIMS, New Delhi, SSIAR",India,"Fact-Check Master Doc, TC Explorer, FC-Worksheet",Reviewed,
7,BHASKAR_2020_01,2020,SKY,Boosts alertness and relaxation while improving brain coordination in practitioners,Regular Practitioners,40,Single SKY Session,"↑ 10-15% increased Gamma and Beta activity (cognition/alertness)|↑ 4-8% increased Delta, Theta and Alpha activity (relaxation)|Improved synchrony between left and right hemispheres",Single-Arm Pre-Post Study,,"Bhaskar et al., 2020",https://pubmed.ncbi.nlm.nih.gov/32669767/,Bhaskar-2020-High-Frequency Cerebral Activatio.pdf,International Journal of Yoga,Practitioners / Meditators,"PH: Brain, MH: Cognition",Acceptable,"SSIAR, Bengaluru",India,"Fact-Check Master Doc, TC Explorer",Reviewed,
8,BHATIA_2002_01,2002,SKY,Enhances deep relaxation and alertness in long-term practitioners,Long-Term Practitioners,5,Single SKY Session,Increased coherence in fronto-central beta band|↑ alpha activity in posterior regions reflecting deep relaxation|Central midline theta activity suggests activation and alertness,Observational Study,,"Bhatia, 2002",https://aolresearch.org/pdf/other/EEG_M_Bhatia.pdf,Bhatia-2002-EEG during sudarshan kriya_ A quan.pdf,"All India Institute of Medical Sciences, New Delhi - AIIMS Research Book",Practitioners / Meditators,"PH: Brain, MH: Cognition",Acceptable,"AIIMS, New Delhi, India",India,"Fact-Check Master Doc, TC Explorer",Reviewed,
9,BHATIA_2003_01,2003,SKY,Improves mental focus in long-term SKY practitioners,SKY Practitioners,35,Long-Term SKY Practice,Significant increase in beta activity linked to mental focus,Cross-Sectional Study,,"Bhatia et al., 2003",https://www.ncbi.nlm.nih.gov/pubmed/15255618,Bhatia-2003-Electrophysiologic evaluation of S.pdf,Indian Journal of Physiology and Pharmacology,General Population,"PH: Brain, MH: Cognition",Acceptable,"AIIMS, New Delhi, India",India,"Fact-Check Master Doc, TC Explorer",Reviewed,
10,BROWN_2005_01,2005,SKY,Enhances stress resilience and social connection through vagal activation, - , - , - ,SKY stimulates the vagus nerve and enhances vagal tone|Enhances heart rate variability (HRV)|Contributes to improved social bonding through neuroendocrine shifts,Review, - ,"Brown and Gerbarg, 2005",https://pubmed.ncbi.nlm.nih.gov/15750381/,Brown-2005-Sudarshan Kriya yogic breathing in.pdf,Journal of Integrative and Complementary Medicine,General Population,PH: Vagus Nerve,Acceptable,New York Medical College,USA,Fact-Check Master Doc,Reviewed,
12,CARTER_2013_01,2013,SKY,,Vietnam Veterans with PTSD,25,6 weeks,↓ 25% reduced PTSD symptoms (at 6 weeks)|↓ 53% reduced PTSD symptoms (at 6 months)|↓ 32% reduced depression symptoms,Randomised Controlled Trial,,"Carter et al., 2013",https://www.scitechnol.com/multicomponent-yoga-breath-program-for-vietnam-veteran-post-traumatic-stress-disorder-randomized-controlled-trial-yOPd.php?article_id=1364,J.Carter-2013-Multi-Component Yoga Breath Prog.pdf,Journal of Traumatic Stress Disorders & Treatment,At-risk Communities,"SH: At-risk Communities, MH: Stress, MH: Depression",Mixed Reputation,"START Clinic for the Mood and Anxiety Disorders, 32 Park Road, Toronto, Ontario, Canada, M4S 2N4",Canada,"Fact-Check Master Doc, TC Explorer",Reviewed,
13,KOLHE_2022_01,,SKY,,Government Officials,100,2 months,Improved sleep quality|Enhanced cognitive function and overall well-being,Qualitative Study,,"Kolhe, 2022",,Kolhe-2022-Positive Impact of Sudharshan Kriya.pdf,Indian Journal of Health Studies,Professionals,"MH: Sleep, MH: Cognition",Mixed Reputation,"*PhD Psychology, Commissioner of Income Tax",India,Fact-Check Master Doc,Reviewed,
14,CHANDANA_2015_01,2015,SKY,,Long and Short-Term Practitioners,43,Single SKY Session,84% showed increased alpha waves (relaxed/alert)|97% showed increased beta waves (awareness)|88% showed increased delta waves (restoration)|100% showed increased theta waves (profound relaxation),Single-Arm Pre-Post Study,,"Chandana et al., 2015",https://www.academia.edu/25233109/QUANTITATIVE_ANALYSIS_OF_EEG_SIGNAL_BEFORE_AND_AFTER_SUDHARSHANA_KRIYA_YOGA,Chandana-2015-Quantitative analysis of ee.pdf,International Journal Of Public Mental Health And Neurosciences,Practitioners / Meditators,"PH: Brain, MH: Cognition",Mixed Reputation,"SJB Institute of technology, Bangalore",India,Fact-Check Master Doc,Reviewed,
11,CHANDER_2022_01,2022,SKY,Improves relaxation and serving performance in women volleyball players,Women Volleyball Players,14,5 weeks,Reported increase in relaxation levels|Reported improvement in serving accuracy,Quasi-Experimental Study,,"Chander, 2022",https://www.researchgate.net/publication/370119290_EFFECT_OF_INDIGENOUS_YOGA_PRACTICES_ON_RELAXATION_AND_SERVING_ACCURACY_OF_VOLLEYBALL_PLAYERS,Chander-2022-EFFECT OF INDIGENOUS YOGA PRACTIC.pdf,Towards Excellence,Youth & Students,"SH: Youth & Students, PH: Women",Acceptable,Gujarat University,India,Fact-Check Master Doc,Reviewed,
16,KUMAR_2017_01,,SKY,,College Students,102,6 months,↓ 40% drop in cortisol in medical students during exams,Quasi-Experimental Study,,"Kumar et al., 2017",,Kumar-2017-Effect of “Sudarshan Kriya” on seru.pdf,International Journal of Applied Research,Youth & Students,"PH: Biomarkers, MH: Stress, SH: Youth & Students",Predatory,"M.L.N. Medical College, Allahabad, Uttar Pradesh, India",India,Fact-Check Master Doc,Reviewed,
12,CHANDRA_2016_01,2016,SKY,Improves memory and cognitive performance in healthy adults,Healthy Adults,25,90 days,"Higher memory test scores|Improved working memory during cognitive tasks|More efficient use of brain rhythms (gamma, alpha, theta)",Non-Randomised Controlled Trial,,"Chandra et al., 2016","https://journals.lww.com/ijoy/fulltext/2016/09010/effect_of_sudarshan_kriya__meditation__on_gamma,.12.aspx",Chandra-2016-Effect of Sudarshan Kriya (medita.pdf,International Journal of Yoga,General Population,"PH: Brain, MH: Cognition",Acceptable,"Institute of Nuclear Medicine and Science, DRDO, New Delhi, India",India,"Fact-Check Master Doc, TC Explorer",Reviewed,
13,CHANDRA_2016_01,2016,SKY,Improves multitasking speed and accuracy in healthy adults,Healthy Adults,25,90 days,↑ 11% faster response times while multitasking|↑ 6% improvement in task accuracy|Improved sympathovagal balance|Increased alpha brain activity,Randomised Controlled Trial,,"Chandra et al., 2016",https://link.springer.com/article/10.1007/s40708-016-0055-1,Chandra-2016-Workload regulation by Sudarshan.pdf,Brain Informatics,General Population,"PH: Vagus Nerve, MH: Cognition",Acceptable,"Defence Research and Development Organisation (DRDO), New Delhi",India,"Fact-Check Master Doc, TC Explorer, FC-Worksheet",Reviewed,
19,MUNGAL_2013_01,,SKY,,Practitioners,60,,healthier lipid profiles and reduced stress levels following regular SKY practice,Observational Study,6 months,"Mungal and Bondade, 2013",,Mungal-2013-Effect of Sudarshan Kriya Yoga on.pdf,International Journal of Current Research and Review,General Population,"PH: Biomarkers, MH: Stress",Mixed Reputation,"Dr. Shankarrao Chavan Government Medical College,
Nanded, Maharashtra, India",India,Fact-Check Master Doc,Reviewed,
14,CHANDRA_2016_02,2016,SKY,"Improves memory, focus, and mental performance in healthy adults",Healthy Adults,25,90 days,"↑ Memory test scores|↑ improved working memory during cognitive tasks|Enhanced focus, brain efficiency and mental performance",Randomised Controlled Trial,,"Chandra et al., 2016",https://link.springer.com/article/10.1007/s40708-016-0055-1,Chandra-2016-Workload regulation by Sudarshan.pdf,Brain Informatics,General Population,"PH: Brain, PH: Vagus Nerve, MH: Cognition",Acceptable,"Institute of Nuclear Medicine and Science, DRDO, New Delhi, India",India,"Fact-Check Master Doc, TC Explorer",Reviewed,
15,CHANDRA_2017_01,2017,SKY,Improves reaction speed and focus in healthy adults,Healthy Adults,20,30 days,↓ 9% decreased reaction time|↑ 13% total reactions|↓ 37% delayed reactions|↓ 48% omitted responses|Improved alpha activity (relaxation/focus),Single-Arm Pre-Post Study,,"Chandra et al., 2017",https://journals.lww.com/ijoy/fulltext/2017/10020/Mental_Stress__Neurophysiology_and_Its_Regulation.3.aspx,Chandra-2017-Mental stress_ Neurophysiology an.pdf,International Journal of Yoga,General Population,"PH: Brain, MH: Stress, MH: Cognition",Acceptable,"Institute of Nuclear Medicine and Science, DRDO, New Delhi, India",India,"Fact-Check Master Doc, TC Explorer",Reviewed,
22,NARNOLIA_2014_01,,SKY,,Hypertensive Patients,100,3 months,↓ 90% reduced anxiety symptoms|↓ 5% reduced systolic BP|↓ 6% reduced diastolic BP|↓ 13% reduced cholesterol|↓ 7% reduced BMI,Randomised Controlled Trial,,"Narnolia et al., 2014",,Narnolia-2014-Effect of Sudarshan Kriya Yoga o.pdf,Scholars Journal of Applied Medical Sciences,Patients,"PH: Heart, PH: Biomarkers, MH: Anxiety",Predatory,"Sardar Patel Medical College and Hospitals, Bikaner, Rajasthan-334003, India",India,"Fact-Check Master Doc, TC Explorer, FC-Worksheet",Reviewed,
16,CHAUDHARI_2020_01,2020,SKY,"Reduces daytime drowsiness in young adults, especially in those with obesity",Young Adults,105,8 weeks,↓ 31% decreased daytime drowsiness|Significant improvements observed in obese participants,Randomised Controlled Trial,,"Chaudhari et al., 2020",https://www.degruyterbrill.com/document/doi/10.1515/jcim-2020-0172/html,Chaudhari-2020-Effect of Sudarshan Kriya Yoga.pdf,Journal of Complementary and Integrative Medicine,General Population,MH: Sleep,Acceptable,"Surana Sethia Hospital, Mumbai",India,"Fact-Check Master Doc, TC Explorer",Reviewed,
24,CHAUHAN_2015a_01,2015,SKY,,School Students,40,6 days,"↑ 63% reported increased confidence|↑ 58% reported greater peace of mind|Improved patience, leadership, and teamwork",Single-Arm Observational Study,,"Chauhan, 2015",https://ijip.in/articles/effectiveness-of-the-art-of-living-yes-programme-on-school-students/,Sweta Sharadkum-2015-School-Students.pdf,International Journal of Indian Psychology,Youth & Students,"SH: Youth & Students, MH: Happiness",Mixed Reputation,"Sardar Patel University, Vallabh Vidyanagar",India,Fact-Check Master Doc,Reviewed,
25,RANI_2019_01,,SKY,,Alcohol-Dependent Individuals,60,7 days,66% showed mild depression post-intervention (down from moderate/severe),Quasi-Experimental Study,,"Rani, 2019",,Rani-2019-Effect of Yoga on Depression Among A.pdf,"International Journal of Research in Engineering, Science and Management",At-risk Communities,"MH: Depression, SH: At-risk Communities",Mixed Reputation,"Department of Nursing, Shri Venkateshwara University, Amroha, India",India,"Fact-Check Master Doc, TC Explorer",Reviewed,
26,CHAUHAN_2015b_01,2015,SKY,,College Students,40,6 days,"Reduced stress, anxiety, and emotional instability|Increased peace of mind, leadership, and teamwork",Single-Arm Observational Study,,"Chauhan, 2015",https://ijip.in/wp-content/uploads/2020/05/B00367V2I42015.pdf,Sweta Sharadkum-2015-College-Students.pdf,International Journal of Indian Psychology,Youth & Students,"SH: Youth & Students, MH: Stress",Mixed Reputation,"Sardar Patel University, Vallabh Vidyanagar",India,Fact-Check Master Doc,Reviewed,
17,CHHABRA_2024_01,2024,SKY,Improves breathing efficiency and heart–breath coordination in long-term practitioners,Long-Term Practitioners,22,Single SKY Session,Increased vagal tone|Increased cardiovascular-respiratory synchronisation|Increased parasympathetic activity|Increased respiratory efficiency,Single-Arm Pre-Post Study,,"Chhabra et al., 2024",https://pubmed.ncbi.nlm.nih.gov/38244476/,Chhabra-2024-Long Sudarshan Kriya Yoga enhance.pdf,Journal of Ayurveda and Integrative Medicine,Practitioners / Meditators,"PH: Vagus Nerve, PH: Breath / Lungs",Acceptable,"SSIAR, Bengaluru",India,"Fact-Check Master Doc, TC Explorer, FC-Worksheet",Reviewed,
18,CHHAJER_2024_01,2024,SKY,Reduces stress and anxiety in managers within one week,Managers,64,1 week,↓ 28% reduced stress|↓ 29% reduced anxiety,Randomised Controlled Trial,,"Chhajer and Dagar, 2024",https://www.frontiersin.org/journals/psychology/articles/10.3389/fpsyg.2024.1327119/full,Chhajer-2024-Examining the impact of a restora.pdf,Frontiers in Psychology,Professionals,"MH: Stress, MH: Anxiety",Acceptable,IIM Indore,India,"Fact-Check Master Doc, TC Explorer",Reviewed,
29,SHAH_2023_01,,SKY,,College Students,30,4 weeks,↓ 37% reduced anxiety symptoms|↓ 27% reduced stress symptoms|↓ 33% reduced neck pain,Randomised Controlled Trial,,"Shah and Patil, 2023",,R. Shah-2023-EFFECT OF THE 5 PRANAYAMAS VERSUS.pdf,International Journal of Scientific Research,Youth & Students,"MH: Anxiety, MH: Stress",Mixed Reputation,"Patil College of Physiotherapy, Pimpri, Pune",India,"Fact-Check Master Doc, FC-Worksheet",Reviewed,
19,DANIEL_2022_01,2022,SKY,Improves accuracy and reduces errors under stress in students,Undergraduate Students,18,1 month,↑ 72% more correct responses under stress|↓ 67% fewer errors|↓ 54% fewer omitted responses,Randomised Controlled Trial,,"Daniel et al., 2022",https://pubmed.ncbi.nlm.nih.gov/35444365/,Kanchibhotla-2022-Alleviating Work Exhaustion.pdf,International Journal of Yoga,Youth & Students,"MH: Cognition, MH: Stress, SH: Youth & Students",Acceptable,"Institute of Nuclear Medicine and Allied Sciences, DRDO, New Delhi, India.",India,"Fact-Check Master Doc, TC Explorer",Reviewed,
20,DAS_2002_01,2002,SKY,Increases immune cell levels in cancer patients and healthy practitioners,Cancer Patients and Healthy Adults,97,,↑ 1.6x higher NK cell levels compared to non-practising cancer patients|↑ 1.8x higher NK cell levels compared to healthy non-practitioners,Cross-Sectional Study,,"Das and Kochupillai, 2002",https://aolresearch.org/pdf/other/Flowcyt_Das.pdf,Das-2002-Flowcytometric Study of T-cell Subset.pdf,AIIMS Research Book,Practitioners / Meditators,PH: Cancer,Acceptable,"AIIMS, New Delhi",India,"Fact-Check Master Doc, TC Explorer, FC-Worksheet.",Reviewed,
21,DASAPPA_2016_01,2016,SKY,Lowers blood sugar and improves diabetes control in urban T2D patients,T2D Patients (Urban Slums),109,40 days,↓ 13% reduction in HbA1c|↓ 40% drop in random blood sugar levels|Improved adherence to dietary changes and self-care habits,Non-Randomised Controlled Trial,,"Dasappa et al., 2016",https://journals.lww.com/jfmpc/fulltext/2016/05030/Effectiveness_of_yoga_program_in_the_management_of.21.aspx,Dasappa-2016-Effectiveness of yoga program in.pdf,Journal of Family Medicine and Primary Care,Patients,PH: Diabetes,Acceptable,"Art of Living Foundation, Bengaluru, Karnataka, India",India,"Fact-Check Master Doc, TC Explorer, FC-Worksheet",Reviewed,
22,DESCILO_2010_01,2010,SKY,Reduces depression and PTSD in tsunami survivors with lasting effects,Tsunami Survivors,183,6 weeks,↓ 87% reduced depression|↓ 64% reduced PTSD symptoms|Benefits sustained up to 24-week follow-up,Non-Randomised Controlled Trial,24 weeks,"Descilo et al., 2010",https://pubmed.ncbi.nlm.nih.gov/19694633/,Descilo-2010-Effects of a yoga breath interven.pdf,Acta Psychiatrica Scandinavica,At-risk Communities,"MH: Depression, SH: At-risk Communities",Acceptable,The Trauma Resolution Center of Miami,USA,"Fact-Check Master Doc, TC Explorer",Reviewed,
23,DEUCHAR_2019_01,2019,SKY,Reduces substance use and improves emotional control in former gang members,Former Gang Members,17,,Reduced cannabis use and alcohol consumption|Improved emotional control and reduced aggression|Improved sleep and calmness,Qualitative Study,,"Deuchar, 2019",https://journals.sagepub.com/doi/10.1177/1473225419889195,"Deuchar-2019-Gang Disengagement, Desistance an.pdf",Youth Justice,At-risk Communities,"SH: At-risk Communities, MH: Stress",Acceptable,"Division of Social Sciences, School of Education & Social Sciences, University of the West of Scotland, Paisley PA1 2BE, UK.",UK,Fact-Check Master Doc,Reviewed,
35,DHARA_2015_01,2015,SKY,,Women (aged 56–68 yrs),30,15 days,↓ 6% reduced systolic blood pressure|↓ 5% reduced diastolic blood pressure|↓ 13% reduced mental stress,Single-Arm Pre-Post Study,,"Dhara and Mandal, 2015",https://www.kheljournal.com/archives/2015/vol1issue6/PartC/1-6-8.pdf,Dhara-2015-Short term effect of Sudarsan Kriya.pdf,"International Journal of Physical Education, Sports and Health",Women,"SH: Women, PH: Heart",Mixed Reputation,"Visva-Bharati University, Santiniketan, West Bengal, India.",India,"Fact-Check Master Doc, TC Explorer",Reviewed,
36,SUREKA_2015_01,,SKY,,Male Patients with Psychoactive Substance Dependence,111,6 weeks,62% improvement in anxiety symptoms|26% increase in Well-Being,Randomised Controlled Trial,,"Sureka et al., 2015",,Sureka-2015-Sudarshan kriya for male patients.pdf,ASEAN Journal of Psychiatry,At-risk Communities,"MH: Anxiety, SH: At-risk Communities, MH: Happiness",Mixed Reputation,"Central Jail Hospital, Tihar, New Delhi",India,"Fact-Check Master Doc, TC Explorer",Reviewed,
24,DHAWAN_2015_01,2015,SKY,Achieves zero relapse and improves quality of life in opioid-dependent users,Opioid-Dependent Users,84,6 months,100% of participants had drug-free urine tests at 6 months (zero relapse)|Improved physical and psychological quality of life,Randomised Controlled Trial,,"Dhawan et al., 2015",https://pubmed.ncbi.nlm.nih.gov/26170596/,Dhawan-2015-Effectiveness of yogic breathing i.pdf,International Journal of Yoga,At-risk Communities,"SH: At-risk Communities, PH: Immunity",Acceptable,"All India Institute of Medical Sciences (AIIMS), New Delhi, India.",India,"Fact-Check Master Doc, TC Explorer",Reviewed,⭐⭐⭐⭐⭐
38,VAN DER MERWE_2011_01,,SKY,,School Principals,6,6 weeks,↓ 42% drop in emotional exhaustion|↓ 36% drop in depersonalisation|↑ 31% boost in sense of personal accomplishment,Single-Arm Pre-Post Study,,"Van der Merwe and Parsotam, 2011",,"Merwe-2011-Breathe in, breathe out _ alleviati.pdf",Journal for New Generation Sciences,Professionals,"MH: Stress, MH: Happiness",Mixed Reputation,South Africa,South Africa,"Fact-Check Master Doc, TC Explorer",Reviewed,
25,DORIA_2015_01,2015,SKY,Reduces anxiety and depression in patients with generalized anxiety disorder,Patients with Generalized Anxiety Disorder (GAD),69,6 months,↓35% anxiety (on medication)|↓51% anxiety (off medication)|↓36% depression (on/off medication),Quasi-Experimental Study,,"Doria et al., 2015",https://pubmed.ncbi.nlm.nih.gov/26142611/,Doria-2015-Anti-anxiety efficacy of Sudarshan.pdf,Journal of Affective Disorders,Patients,MH: Anxiety,Acceptable,"Department of Neuroscience, “Fatebenefratelli e Oftalmico” Hospital, Milano, Italy",Italy,"Fact-Check Master Doc, TC Explorer",Reviewed,
26,GEETHA_2014_01,2014,SKY,Improves antioxidant defence and reduces oxidative stress in menopausal women,Menopausal Women,190,30 days,↑ 212% increased superoxide dismutase (SOD)|↑ 112% improved plasma glutathione peroxidase (GPx)|↓ 66% reduced malondialdehyde (MDA),Non-Randomised Controlled Trial,,"Geetha et al., 2014",https://www.alliedacademies.org/articles/quality-of-life-after-menopause-effects-of-hormone-replacement-therapyvitamin-e-and-sudarhana-kriya-yoga-practice-a-comparative-study.pdf,Geetha-2014-Quality of life after menopause_ E.pdf,Biomedical Research,General Population,"PH: Biomarkers, SH: Women",Acceptable,"Dhanalakshmi Srinivasan Medical College and Hospital, Perambalur, Tamil-
nadu, India",India,"Fact-Check Master Doc, FC-Worksheet.",Reviewed,
27,GERBARG_2005_01,2005,SKY,"Improves sleep, energy, and trauma recovery in disaster survivors",Hurricane Katrina Survivors,,,Improved sleep and energy levels|Reduced feelings of tension and aggression|Fewer flashbacks and trauma symptoms,Qualitative Study,,"Gerbarg and Brown, 2005",https://www.researchgate.net/publication/288024346_Yoga_A_breath_of_relief_for_Hurricane_Katrina_refugees,Gerbarg-2005-Yoga_ A breath of relief for Hurr.pdf,Current Psychiatry Online,At-risk Communities,"SH: At-risk Communities, MH: Stress",Acceptable,"New York Medical College, Valhalla, NY",USA,Fact-Check Master Doc,Reviewed,
28,GHAHREMANI_2013_01,2013,SKY,Improves self-control and planning in high school students,High School Students,445,4 weeks,Reduced impulsive behaviour in daily life|Improved planning and reduced acting without thinking,Two-Arm Pre-Post Study,,"Ghahremani et al., 2013",https://pubmed.ncbi.nlm.nih.gov/23601502/,Ghahremani-2013-Effects of the Youth Empowerme.pdf,Journal of Adolescent Health,Youth & Students,"SH: Youth & Students, MH: Cognition",Acceptable,"University of California, Los Angeles (UCLA)",USA,"Fact-Check Master Doc, TC Explorer",Reviewed,⭐⭐⭐⭐⭐
29,GHOLAM_2021_01,2021,SKY,Supports cognitive function and brain processing efficiency with age,Healthy Adults (40–65 yrs),60,Long-Term SKY Practice,2.3x higher P300 amplitudes in long-term practitioners|↓ 7.7% shorter P300 latency indicating faster cognitive processing|Supports preservation of cognitive function with age,Cross-Sectional Study,,"Gholam et al., 2021",https://www.ncbi.nlm.nih.gov/pubmed/33944527,Gholam-2021-Effect of Sudarsankriya yoga pract.pdf,International Tinnitus Journal,General Population,"PH: Brain, MH: Cognition",Acceptable,"Kasturba Medical College, MAHE, Mangalore, Karnataka,",India,"Fact-Check Master Doc, Year in Review",Reviewed,
30,GOLDSTEIN_2016_01,2016,SKY,Improves heart recovery and stress regulation in young adults,Young Adults,11,4 weeks,↑ 48% increased heart rate recovery|Increased vagal tone|Increased autonomic regulation after stress,Single-Arm Pre-Post Study,,"Goldstein et al., 2016",https://journals.lww.com/ijoy/fulltext/2016/09010/Improvements_in_well_being_and_vagal_tone.4.aspx,Goldstein-2016-Improvements in well-being and.pdf,International Journal of Yoga,Youth & Students,"PH: Heart, PH: Vagus Nerve, SH: Youth & Students",Acceptable,University of Arizona,USA,"Fact-Check Master Doc, TC Explorer, FC-Worksheet",Reviewed,⭐⭐⭐⭐⭐
31,GOLDSTEIN_2020_01,2020,SKY,Reduces stress and improves wellbeing in college students,College Students,69,3 months,↓ 22% reduced perceived stress|Trend-level decrease in sleep disturbances|↑ Improved social connectedness|↑ Increased self-esteem,Randomised Controlled Trial,3 months,"Goldstein et al., 2020",https://www.tandfonline.com/doi/abs/10.1080/07448481.2020.1781867,Goldstein-2020-Improvements in well-being and.pdf,Journal of American College Health,Youth & Students,"MH: Stress, MH: Sleep, MH: Happiness, SH: Youth & Students",Acceptable,"Harvard Medical School, Boston, MA USA",USA,"Fact-Check Master Doc, TC Explorer",Reviewed,
32,GUPTA_2022_01,2022,SKY,Reduces altitude sickness symptoms and improves wellbeing in healthy participants,Healthy Participants,29,4 days,↓ 71% reduction in Acute Mountain Sickness (AMS) symptoms|Improved mental well-being and lipid profile|Trend toward lower anxiety,Single-Arm Pre-Post Study,,"Gupta et al., 2022",https://pubmed.ncbi.nlm.nih.gov/36743761/,Gupta-2022-Physical and mental health at high.pdf,Journal of Neurosciences in Rural Practice,General Population,"PH: Breath / Lungs, MH: Stress, MH: Happiness, PH: Biomarkers, MH: Anxiety",Acceptable,SSIAR,India,"Fact-Check Master Doc, TC Explorer",Reviewed,
33,HAMILTON-WEST_2019_01,2019,SKY,Reduces anxiety and depression symptoms in UK public healthcare patients,NHS Patients,169,4 weeks,↓ 46% reduced anxiety symptoms|↓ 45% reduced depression symptoms,Observational Study,,"Hamilton-West et al., 2019",https://pubmed.ncbi.nlm.nih.gov/32799993/,Hamilton-West-2019-Evaluation of a Sudarshan K.pdf,Primary Health Care Research & Development,Patients,"MH: Anxiety, MH: Depression",Acceptable,University of Kent,UK,"Fact-Check Master Doc, TC Explorer",Reviewed,
34,JADHAV_2016_01,2016,SKY,Improves reaction speed and responsiveness in medical students,Medical Students,60,3 months,↑ 17% improvement in visual reaction time (VRT)|↑ 19% improvement in auditory reaction time (ART),Single-Arm Pre-Post Study,,"Jadhav et al., 2016",https://njmr.in/index.php/file/article/view/240,Jadhav-2016-Effect of Sudarshan Kriya Yoga on.pdf,National Journal of Medical Research,Youth & Students,"SH: Youth & Students, MH: Cognition",Acceptable,GMC Latur Maharashtra,India,Fact-Check Master Doc,Reviewed,
35,JANAKIRAMAIAH_1998_01,1998,SKY,Reduces depression and anxiety symptoms in patients with chronic depression,Patients with Chronic Depression,37,3 month,↓ 68% remission rate|↓ 69% reduced depression symptoms|↓ 64% reduced anxiety,Single-Arm Pre-Post Study,,"Janakiramaiah et al., 1998",https://psycnet.apa.org/record/2001-00489-003,Janakiramaiah-1998-Therapeutic efficacy of Sud.pdf,NIMHANS Journal,Patients,MH: Depression,Acceptable,"NIMHANS, Bengaluru",India,"Fact-Check Master Doc, TC Explorer",Reviewed,
36,JANAKIRAMAIAH_2000_01,2000,SKY,Reduces melancholic depression in inpatients as a non-drug approach,Inpatients with Melancholic Depression,45,4 weeks,"SKY offers a holistic, non-pharmacological alternative to traditional antidepressants in reducing melancholic depression",Randomised Controlled Trial,,"Janakiramaiah et al., 2000",https://pubmed.ncbi.nlm.nih.gov/10708840/,Janakiramaiah-2000-Antidepressant efficacy of.pdf,Journal of Affective Disorders,Patients,MH: Depression,Acceptable,"NIMHANS, Bengaluru",India,"Fact-Check Master Doc, TC Explorer",Reviewed,
37,JAYASHREE_2025_01,2025,SKY,Reduces stress and improves quality of life in transgender adults,Transgender Adults,60,6 weeks,"↓ 30% lower perceived stress after SKY|Improved quality of life across physical, social, and environmental domains",Two-Arm Pre-Post Study,,"Jayashree and Kalavathy, 2025",https://tamilmanam.in/journal/index.php/issue/article/view/116/101,Jayashree-2025-Exploring Holistic Wellness amo.pdf,Tamilmanam International Journal of Tamil Studies,At-risk Communities,"SH: At-risk Communities, MH: Stress",Acceptable,"Bharathiyar University, Tamil Nadu, India",India,Year in Review,Reviewed,
38,JYOTSNA_2012_01,2012,SKY,Improves quality of life in patients with type 2 diabetes,T2D Patients,49,3 months,↑ 9% improved quality of life,Randomised Controlled Trial,,"Jyotsna et al., 2012",https://journals.lww.com/indjem/fulltext/2012/16030/comprehensive_yogic_breathing_program_improves.20.aspx,Jyotsna-2012-Comprehensive yogic breathing pro.pdf,Indian Journal of Endocrinology and Metabolism,Patients,"PH: Diabetes, MH: Happiness",Acceptable,"AIIMS, New Delhi",India,"Fact-Check Master Doc, TC Explorer, FC-Worksheet",Reviewed,
39,JYOTSNA_2013_01,2013,SKY,Improves heart function and autonomic balance in diabetic patients,Diabetic Patients,64,6 months,Improved cardiac autonomic function|Decreased incidences of autonomic abnormalities,Randomised Controlled Trial,,"Jyotsna et al., 2013",https://pubmed.ncbi.nlm.nih.gov/23869306/,Jyotsna-2013-Cardiac autonomic function in pat.pdf,Indian Journal of Endocrinology and Metabolism,Patients,"PH: Heart, PH: Diabetes",Acceptable,"AIIMS, New Delhi",India,"Fact-Check Master Doc, TC Explorer",Reviewed,
40,JYOTSNA_2014_01,2014,SKY,Improves blood sugar control and quality of life in type 2 diabetes patients,T2D Patients,120,6 months,Improved quality of life scores|Decreased postprandial glucose|Enhanced sympathetic cardiac autonomic regulation,Randomised Controlled Trial,,"Jyotsna et al., 2014",https://pubmed.ncbi.nlm.nih.gov/25143922/,Jyotsna-2014-Completion report_ Effect of Comp.pdf,Indian Journal of Endocrinology and Metabolism,Patients,"PH: Diabetes, PH: Heart",Acceptable,"AIIMS, New Delhi",India,"Fact-Check Master Doc, TC Explorer, FC-Worksheet",Reviewed,
41,KALE_2016_01,2016,SKY,Improves lung capacity and breathing efficiency in long-term male practitioners,Healthy Males,43,1+ years,↑ 18-19% increased Forced Vital Capacity (FVC)|↑ 20-22% increased Forced Expiratory Volume (FEV1)|↑ 21-22% increased Peak Expiratory Flow Rate (PEFR) and Breath-holding time (BHT),Cross-Sectional Study,,"Kale et al., 2016",https://www.bibliomed.org/?mno=219622,Kale-2016-The effect of Sudarshan Kriya Yoga (.pdf,International Journal of Medical Science and Public Health,Practitioners / Meditators,"PH: Breath / Lungs, PH: Heart, MH: Stress",Acceptable,"Lokmanya Tilak Municipal Medical College, Mumbai",India,"Fact-Check Master Doc, TC Explorer",Reviewed,
56,KANCHIBHOTLA_2018_01,2018,SKY,,Rural Youth,992,8 days,Reduced perceived stress|Increased mental well-being and resilience|Increased confidence and empowerment,Observational Study,,"Kanchibhotla et al., 2018",http://www.ssiar.org/latestpublicationpdf/12.pdf,Kanchibhotla-2018-Yoga based Leadership Progra.pdf,Journal of Emerging Technologies and Innovative Research (JETIR),Youth & Students,"SH: Youth & Students, MH: Happiness",Predatory,SSIAR,India,Fact-Check Master Doc,Reviewed,
42,KANCHIBHOTLA_2020_01,2020,SKY,Reduces aggression and anger while improving life satisfaction in former militants,Former Militants,219,40 days,Reduced physical and verbal aggression|Reduced anger and hostility|Improved life satisfaction,Single-Arm Pre-Post Study,,"Kanchibhotla et al., 2020",https://journals.lww.com/ijoy/fulltext/2020/13010/effectiveness_of_a_comprehensive_yoga_program_on.8.aspx#,Kanchibhotla-2020-Effectiveness of a comprehen.pdf,International Journal of Yoga,At-risk Communities,SH: At-risk Communities,Acceptable,SSIAR,India,Fact-Check Master Doc,Reviewed,
43,KANCHIBHOTLA_2021a_01,2021,SKY,Reduces stress and improves emotional stability in teenagers,Teenagers,455,1+ years,↓ 10% lowered perceived stress|↑ Improved peer relationships and emotional stability,Cross-Sectional Study,,"Kanchibhotla et al., 2021",https://pubmed.ncbi.nlm.nih.gov/33588582/,Kanchibhotla-2021-LessStressBetterBonds.pdf,Clinical Child Psychology and Psychiatry,Youth & Students,"MH: Stress, SH: Youth & Students",Acceptable,SSIAR,India,"Fact-Check Master Doc, TC Explorer",Reviewed,
44,KANCHIBHOTLA_2021b_01,2021,SKY,"Reduces stress, anxiety, and depression while improving resilience in healthcare professionals",Healthcare Professionals,92,4 days,↓ 37% reduced stress|↓ 27% reduced anxiety|↓ 47% reduced depression|↑ 27% improved resilience (day 40)|↑ Improved sleep quality,Single-Arm Pre-Post Study,40 days,"Kanchibhotla et al., 2021",https://pubmed.ncbi.nlm.nih.gov/33623726/,Kanchibhotla-2021-Impact of a Yogic Breathing.pdf,Glob Adv Health Med,Professionals,"MH: Stress, MH: Anxiety, MH: Depression, MH: Sleep, MH: Happiness",Acceptable,SSIAR,India,"Fact-Check Master Doc, TC Explorer",Reviewed,
45,KANCHIBHOTLA_2021c_01,2021,SKY,Restores healthy salivary pH balance in healthy adults,Healthy Adults,321,Single SKY Session,Significant shift of salivary pH towards neutral in participants with acidic or alkaline baseline|pH remained stable in those with neutral levels,Single-Arm Pre-Post Study,,"Kanchibhotla et al., 2021",https://pubmed.ncbi.nlm.nih.gov/33735857/,Kanchibhotla-2021-ImpactSKY-SalivarypH.pdf,Complement Med Res,Professionals,"PH: Biomarkers, MH: Stress",Acceptable,SSIAR,India,"Fact-Check Master Doc, TC Explorer",Reviewed,
46,KANCHIBHOTLA_2021d_01,2021,SKY,"Improves sleep quality in adults, especially younger individuals",Indian Adults,473,3 days,"↑ 25% reported improved sleep quality, with younger adults benefiting the most",Single-Arm Pre-Post Study,,"Kanchibhotla et al., 2021",https://link.springer.com/article/10.1007/s41782-021-00146-4,Kanchibhotla-2021-SKY_on_Sleep_Quality.pdf,Sleep and Vigilance,General Population,MH: Sleep,Acceptable,SSIAR,India,Fact-Check Master Doc,Reviewed,
47,KANCHIBHOTLA_2021e_01,2021,SKY,Reduces stress and improves focus and wellbeing in children,Children (8-13 years),420,4 days,↓ 56% reduced incidence of stress|↑ 27% higher cognitive abilities (focus and clarity)|↑ 15% increased mental well-being,Pilot Study,,"Kanchibhotla and Subramanian, 2021",https://www.researchgate.net/publication/358779996_Improvement_in_Children%27s_Mental_Health_and_Cognitive_Abilities_with_Yogic_Breathing_A_Pilot_Study,Kanchibhotla-2021-Improvement in Children’s Me.pdf,Indian Journal of Youth and Adolescent Health,Youth & Students,"SH: Youth & Students, MH: Stress",Acceptable,SSIAR,India,Fact-Check Master Doc,Reviewed,
48,KANCHIBHOTLA_2022_01,2022,SKY,Reduces burnout and improves emotional wellbeing in healthcare professionals,Healthcare Professionals,56,4 days,↓ 34% reduced work exhaustion|↑ 10% increased professional fulfilment|↓ 23% decreased negative emotions|↑ 13% increased positive emotions,Observational Study,30 days," Kanchibhotla et al., 2022",https://pubmed.ncbi.nlm.nih.gov/35910997/,Kanchibhotla-2022-Alleviating Work Exhaustion.pdf,Frontiers in Psychology,Professionals,"MH: Stress, MH: Happiness",Acceptable,SSIAR,India,"Fact-Check Master Doc, TC Explorer",Reviewed,
64,KANCHIBHOTLA_2023a_01,2023,SKY,,Adolescents,455,1+ years,Improved working memory and verbal learning|Enhanced visual-motor coordination,Cross-Sectional Study,,"Kanchibhotla et al., 2023",https://journalppw.com/index.php/jpsp/article/view/16145,Divya-2023-Association Of Sudarshan Kriya Yoga.pdf,Journal of Positive School Psychology,Youth & Students,"SH: Youth & Students, MH: Cognition",Predatory,SSIAR,India,"Fact-Check Master Doc, TC Explorer",Reviewed,
49,KATZMAN_2012_01,2012,SKY,Greatly reduces anxiety symptoms in patients with generalized anxiety disorder,Patients with Generalized Anxiety Disorder (GAD),31,4 weeks,73% of participants experienced ≥ 50% reduction in anxiety|41% remission rate for Generalised Anxiety Disorder (GAD),Single-Arm Pre-Post Study,,"Katzman et al., 2012",https://pubmed.ncbi.nlm.nih.gov/35910997/,"Katzman-2012-A multicomponent yoga-based, brea.pdf",International Journal of Yoga,Patients,MH: Anxiety,Acceptable,START Clinic for Mood and Anxiety,Canada,"Fact-Check Master Doc, TC Explorer",Reviewed,
50,KHADKA_2024_01,2024,SKY,Reduces stress and improves self-esteem in medical doctors,Medical Doctors,58,40 days,↓ 14% reduced stress|↑ Improved self-esteem,Single-Arm Pre-Post Study,,"Khadka et al., 2024",https://pubmed.ncbi.nlm.nih.gov/39118691/,Khadka-2024-Effects of Sudarshan Kriya Yoga (S.pdf,Ann Med Surg (Lond),Professionals,"MH: Stress, MH: Happiness",Acceptable,"Nepalese Army Institute of Health Sciences, Kathmandu",Nepal,Fact-Check Master Doc,Reviewed,
51,KHARYA_2014_01,2014,SKY,"Improves heart rate regulation, especially in those with poorer baseline control",Healthy Adults,50,150 days,Improved heart rate regulation|Better sympathovagal balance|Benefits were most pronounced in those with initially weaker heart rate control,Randomised Controlled Trial,,"Kharya et al., 2014",https://pubmed.ncbi.nlm.nih.gov/25906603/,Kharya-2014-Effect of controlled breathing exe.pdf,Indian Journal of Physiology and Pharmacology,General Population,"PH: Vagus Nerve, PH: Heart",Acceptable,"AIIMS, New Delhi",India,"Fact-Check Master Doc, TC Explorer, FC-Worksheet",Reviewed,
52,KJELLGREN_2007_01,2007,SKY,"Reduces stress, anxiety, and depression in healthy adults",Healthy Adults,103,6 weeks,↓ 18% reduced stress|↓ 34% reduced depression|↓ 23% reduced anxiety,Non-Randomised Controlled Trial,,"Kjellgren et al., 2007",https://pubmed.ncbi.nlm.nih.gov/18093307/,Kjellgren-2007-Wellness through a comprehensiv.pdf,BMC Complement Altern Med,General Population,"MH: Stress, MH: Depression, MH: Anxiety",Acceptable,Karlstad University,Sweden,Fact-Check Master Doc,Reviewed,
53,KOCHUPILLAI_2005_01,2005,SKY,Boosts immunity in cancer patients and supports tobacco cessation,Cancer Patients and Tobacco Users,27,6 months,Increased natural killer (NK) cell counts in cancer patients|↓ 21% of tobacco users reported complete cessation,Non-Randomised Controlled Trial,,"Kochupillai et al., 2005",https://pubmed.ncbi.nlm.nih.gov/16387692/,Kochupillai-2005-Effect of rhythmic breathing.pdf,Annals of the New York Academy of Sciences,Patients,"PH: Cancer, SH: At-risk Communities",Acceptable,"All India Institute of Medical Sciences, New Delhi, India",India,"Fact-Check Master Doc, TC Explorer, FC-Worksheet.",Reviewed,
54,KOPANSKA_2022_01,2022,SKY,Improves relaxation and supports brain recovery in post-COVID individuals,Individuals Post-COVID Recovery,15,3 sessions,Increased Alpha wave amplitudes|Improved relaxation and mental calmness|Suggests support for neural recovery and cognitive restoration,Single-Arm Pre-Post Study,,"Kopanska et al., 2022",https://pubmed.ncbi.nlm.nih.gov/36277052/,Kopanska-2022-Quantitative electroencephalogra.pdf,Frontiers in Human Neuroscience,General Population,PH: Brain,Acceptable,University of Rzeszow,Poland,"Fact-Check Master Doc, TC Explorer",Reviewed,
55,KORKMAZ_2024_01,2024,SKY,"Reduces stress, anxiety, depression, and insomnia in physicians while improving fulfilment",Physicians,129,8 weeks,↓ 41% reduced stress scores|↓ 52% reduced depression scores|↓ 53% reduced anxiety scores|↓ 20% reduced insomnia scores|↑ 25% increased professional fulfilment,Randomised Controlled Trial,,"Korkmaz et al., 2024",https://pubmed.ncbi.nlm.nih.gov/38294813/,Korkmaz-2024-Sudarshan Kriya Yoga Breathing an.pdf,JAMA Network Open,Professionals,"MH: Stress, MH: Depression, MH: Anxiety, MH: Sleep, MH: Happiness",Acceptable,Dokuz Eylül University,Norway,"Fact-Check Master Doc, TC Explorer",Reviewed,
56,KUMAR_2013_01,2013,SKY,Reduces stress and pain in breast cancer patients,Breast Cancer Patients,147,3 months,↓ 19% reduced cortisol|↓ 2-3 point reduction in pain perception,Randomised Controlled Trial,,"Kumar et al., 2013",https://pubmed.ncbi.nlm.nih.gov/24347909/,Kumar-2013-Randomized Controlled Trial in Adva.pdf,Indian J Palliat Care,Patients,"PH: Biomarkers, PH: Cancer, MH: Stress, SH: Women",Acceptable,"ICMR, New Delhi",India,"Fact-Check Master Doc, TC Explorer",Reviewed,
73,KUMAR_2017_01,2017,SKY,,College Students,102,6 months,↓ 40% drop in cortisol in medical students during exams,Quasi-Experimental Study,,"Kumar et al., 2017",https://www.allresearchjournal.com/archives/?year=2017&vol=3&issue=7&part=H&ArticleId=4094,Kumar-2017-Effect of “Sudarshan Kriya” on seru.pdf,International Journal of Applied Research,Youth & Students,"PH: Biomarkers, MH: Stress, SH: Youth & Students",Mixed Reputation,"M.L.N. Medical College, Allahabad",India,"Fact-Check Master Doc, FC-Worksheet.",Reviewed,
57,LIN_2023_01,2023,SKY,Reduces breathlessness and anxiety while improving quality of life in COPD patients,Patients with COPD,9,10 weeks,"↓ Reduced dyspnea, anxiety, and distress related to COPD|Improved overall quality of life",Single-Case Study,,"Lin et al., 2023",https://www.lidsen.com/journals/icm/icm-08-04-059,Lin-2023-Breathing-Based Meditation for Improv.pdf,OBM Integrative and Complementary Medicine,Patients,"PH: Breath / Lungs, MH: Anxiety",Acceptable,"California State University, Fresno, CA, USA",USA,"Fact-Check Master Doc, TC Explorer",Reviewed,
58,LIU_2025_01,2025,SKY,Improves stress coping and overall wellbeing in trainee counsellors,Trainee Counsellors,42,1 month,↑ 9% boost in overall wellness in 3 days|Improved problem-solving abilities|Enhanced stress coping skills|Boosted self-esteem and meaning,Randomised Controlled Trial,,"Liu et al., 2025",https://onlinelibrary.wiley.com/doi/10.1002/ceas.70007,Liu-2025-Effect of Virtual Breathwork Program.pdf,Counselor Education and Supervision,Youth & Students,"MH: Stress, MH: Happiness, MH: Cognition",Acceptable,"California State University, Fresno",USA,"Year in Review, TC Explorer",Reviewed,
59,MATHERSUL_2022_01,2022,SKY,Improves stress regulation and nervous system balance in veterans with PTSD,Veterans with PTSD,59,6 weeks,Improved autonomic regulation|Increased vagal tone,Randomised Controlled Trial,,"Mathersul et al., 2022",https://pubmed.ncbi.nlm.nih.gov/35428258/,Mathersul-2022-Emotion dysregulation and heart.pdf,BMC Psychiatry,At-risk Communities,"PH: Vagus Nerve, SH: At-risk Communities",Acceptable,Stanford University,USA,"Fact-Check Master Doc, TC Explorer, FC-Worksheet",Reviewed,
60,MATHERSUL_2023_01,2023,SKY,Improves sleep and reduces nightmares in veterans with PTSD,Veterans with PTSD,59,6 weeks,Decreased insomnia|Fewer nightmares|Improved ability to fall and stay asleep,Randomised Controlled Trial,,"Mathersul et al., 2023",https://onlinelibrary.wiley.com/doi/10.1155/2023/7001667,Mathersul-2023-US Veterans Show Improvements i.pdf,Depression and Anxiety,At-risk Communities,"MH: Sleep, SH: At-risk Communities",Acceptable,"Murdoch University, Murdoch, WA 6150, Australia",Australia,"Fact-Check Master Doc, TC Explorer",Reviewed,
61,MATHERSUL_2023_01,2023,SKY,Improves sleep quality and reduces nightmares in veterans with PTSD,Veterans with PTSD,59,6 weeks,Improved sleep quality|Fewer problems falling or staying asleep|Fewer nightmares,Randomised Controlled Trial,,"Mathersul et al., 2023",https://onlinelibrary.wiley.com/doi/10.1155/2023/7001667,Mathersul-2023-US Veterans Show Improvements i.pdf,Depression and Anxiety,At-risk Communities,"SH: At-risk Communities, MH: Sleep",Acceptable,"Discipline of Psychology, Murdoch University, Building 440, 90 South
Street, Murdoch, WA 6150, Australia",Australia,Fact-Check Master Doc,Reviewed,⭐⭐⭐⭐⭐
62,MONY_2024_01,2024,SKY,Supports healthy ageing at the cellular level in healthy adults,Healthy Adults,16,4 days,↑ 23% increased relative telomere length|Enhanced resistance to cellular ageing through gene activity changes,Pilot Study,,"Mony et al., 2024",https://pubmed.ncbi.nlm.nih.gov/39715566/,Mony-2024-Sudarshan Kriya Yoga Promotes Telome.pdf,Alternative therapies in health and medicine,General Population,PH: Genes,Acceptable,SSIAR,India,"Fact-Check Master Doc, Year in Review",Reviewed,
63,MONY_2025_01,2025,SKY,Triggers rapid and evolving gene expression changes linked to brain and immune health in healthy adults,Healthy Adults,16,30 days,175 genes differently expressed immediately after SKY (linked to neuronal regeneration and reduced inflammation)|44 genes differently expressed after 30 days (linked to cytoskeletal reorganisation),Pilot Study,,"Mony et al., 2025",https://www.cureus.com/articles/379674-a-comprehensive-yogic-breathing-program-evidence-for-use-in-medicine?medium=email&src=email_share&utm_campaign=share&utm_medium=email&utm_source=email_share_mailer#!/,Mony-2025-Transcriptome profiling after Sudars.pdf,"Brain, Behavior and Immunity Integrative",General Population,PH: Genes,Acceptable,SSIAR,India,"Year in Review, TC Explorer",Reviewed,⭐⭐⭐⭐⭐
64,MULLA_2014_01,2014,SKY,Reduces stress and stress hormone levels in executives,Executives,72,3 months,↓ 23% decreased cortisol|↓ 44% lowered stress,Randomised Controlled Trial,,"Mulla and Vedamuthachar, 2014",https://journals.sagepub.com/doi/abs/10.1177/0258042X15578024?journalCode=mlsa,Mulla-2014-Impact of a Sudarshan Kriya-based O.pdf,Management and Labour Studies,Professionals,"PH: Biomarkers, MH: Stress",Acceptable,Tata Institute of Social Sciences,India,"Fact-Check Master Doc, TC Explorer",Reviewed,
65,MURTHY_1997_01,1997,SKY,Greatly reduces depression severity and improves brain function in dysthymic patients,Dysthymic Patients,30,3 month,↓ 70% reduced depression severity scores|Normalisation of P300 amplitude reflecting improved brain function,Quasi-Experimental Study,,"Murthy et al., 1997",https://pubmed.ncbi.nlm.nih.gov/9325569/,Murthy-1997-Normalization of P300 amplitude f1.pdf,Biological Psychiatry,Patients,"MH: Depression, PH: Brain",Acceptable,"NIMHANS, Bengaluru",India,"Fact-Check Master Doc, TC Explorer",Reviewed,
66,MURTHY_1998_01,1998,SKY,Greatly reduces depression and improves wellbeing in patients with dysthymia and melancholia,Patients with Dysthymia and Melancholia,30,1 month,↓ 78% reduced depression severity scores in 73% of patients|Significant improvements in both dysthymia and melancholia|Improved mood and overall wellbeing,Single-Arm Pre-Post Study,,"Murthy et al., 1998",https://pubmed.ncbi.nlm.nih.gov/9716279/,Murthy-1998-P300 amplitude and antidepressant.pdf,Journal of Affective Disorders,Patients,"MH: Depression, PH: Brain",Acceptable,"NIMHANS, Bengaluru",India,"Fact-Check Master Doc, TC Explorer",Reviewed,
84,NARNOLIA_2014_01,2014,SKY,,Hypertensive Patients,100,3 months,↓ 5% reduced systolic BP|↓ 6% reduced diastolic BP|↓ 13% reduced cholesterol|↓ 7% reduced BMI|↓ 90% reduced anxiety,Randomised Controlled Trial,,"Narnolia et al., 2014",https://www.saspublishers.com/article/7351/download/,Narnolia-2014-Effect of Sudarshan Kriya Yoga o.pdf,Scholars Journal of Applied Medical Sciences,Patients,"PH: Heart, PH: Biomarkers, MH: Anxiety",Predatory,"Sardar Patel Medical College and Hospitals, Bikaner, Rajasthan-334003,",India,"Fact-Check Master Doc, TC Explorer, FC-Worksheet",Reviewed,
67,NEWMAN_2020_01,2020,SKY,"Improves focus, self-esteem, and emotional control in school students",Public School Students,59,5 days,↓ 19% reduction in distractibility|↑ 8% increase in self-esteem|Improved ability to cope with anger,Single-Arm Pre-Post Study,,"Newman et al., 2020",https://pubmed.ncbi.nlm.nih.gov/38605512/,Newman-2020-Gender and Ethnicity_ Are they Ass.pdf,International Journal of Yoga,Youth & Students,"SH: Youth & Students, MH: Stress",Acceptable,IAHV,USA,"Fact-Check Master Doc, TC Explorer",Reviewed,
68,NEWMAN_2024_01,2024,SKY,"Improves focus, self-identity, and reduces aggression in eighth-grade students",Eighth Graders,79,3 months,↑ 11% increased planning and concentration|↑ 9% increased sense of identity|↓ 8% reduced belief in aggression,Randomised Controlled Trial,,"Newman et al., 2024",https://pubmed.ncbi.nlm.nih.gov/38605512/,Newman-2024-Breathing life into social emotion.pdf,Journal of Adolescence,Youth & Students,"SH: Youth & Students, MH: Cognition",Acceptable,Stanford University,USA,Fact-Check Master Doc,Reviewed,⭐⭐⭐⭐⭐
69,PARIMALA_2021_01,2021,SKY,Reduces anxiety and improves resilience in adults during stressful periods (pandemic context),Adults during COVID-19,956,,82% of practitioners showed no symptoms of anxiety|Practitioners showed overall better mental resilience and emotional well-being,Cross-Sectional Study,,"Parimala and Kanchibhotla, 2021",https://pubmed.ncbi.nlm.nih.gov/33251825/,Parimala-2021-Association Between Yogic Breath.pdf,Asia Pacific Journal of Public Health,General Population,"MH: Anxiety, MH: Happiness",Acceptable,SSIAR,India,"Fact-Check Master Doc, TC Explorer",Reviewed,
70,PARMAR_2014_01,2014,SKY,Improves breathing capacity in healthy adults,Healthy Adults,100,3 months,↑ 16% increased Peak Expiratory Flow Rate (PEFR),Non-Randomised Controlled Trial,,"Parmar et al., 2014",https://nicpd.ac.in/ojs-/index.php/njirm/article/view/824/710,Parmar-2014-Effect of Sudarshan Kriya (SDK) On.pdf,National Journal of Integrated Research in Medicine,General Population,"PH: Breath / Lungs, PH: Heart",Acceptable,"M.P. Shah Government Medical College, Jamnagar",India,"Fact-Check Master Doc, TC Explorer",Reviewed,
89,PATHAK_2024_01,2024,SKY,,Vaccinated Adults,222,11 weeks,↑ 3.5x increase in IgG antibody levels after SKY compared to 3.1x in standard care,Quasi-Experimental Study,,"Pathak et al., 2024",https://jptcp.com/index.php/jptcp/article/view/4494,Pathak-2024-Effect of Sudarshan Kriya on IgG 1.pdf,Journal of Population Therapeutics & Clinical Pharmacology,General Population,"PH: Biomarkers, PH: Immunity",Mixed Reputation,National Institute Of Medical Science And Research NIMS University Jaipur Rajasthan,India,"Fact-Check Master Doc, Year in Review.",Reviewed,
71,PATHANIA_2022_01,2022,SKY,Improves sleep quality and stress recovery in medical professionals (pandemic context),Medical Professionals during COVID-19 Pandemic,41,4 days,↑ 35% increase in deep sleep|↑ 29% increase in REM sleep|↑ 16% increase in total sleep duration|↑ 8% increase in light sleep|↓ 5% decrease in resting heart rate|↑ 14% increase in overall heart rate flexibility|↑ 16% boost in relaxation response,Single-Arm Pre-Post Study,,"Pathania et al., 2022",https://europepmc.org/article/med/36082887,Pathania-2022-Effect of 4-day Online Breath Me.pdf,Journal of the Association of Physicians of India,Professionals,"MH: Sleep, MH: Stress, PH: Heart",Acceptable,"AIIMS, Rishikesh",India,Fact-Check Master Doc,Reviewed,
72,PATIL_2017_01,2017,SKY,Reduces menopausal symptoms and improves emotional wellbeing in postmenopausal women,Postmenopausal Women,156,1+ years,↓ 86% fewer women reported severe hot flushes|↓ 97% fewer reported severe night sweats|↓ 94% fewer reported severe mood swings and fatigue|↓ 100% of practitioners reported zero severe anxiety or depression,Cross-Sectional Study,,"Patil et al., 2017",https://www.nepjol.info/index.php/AJMS/article/view/17723,Patil-2017-Study of effects of Sudarshan Kriya.pdf,Asian Journal of Medical Sciences,Women,SH: Women,Acceptable,"Government Medical College, Gondia, Maharashtra,",India,"Fact-Check Master Doc, TC Explorer",Reviewed,
73,QU_2013_01,2013,SKY,Triggers rapid immune-related gene expression changes in healthy adults,Healthy Adults,10,Single SKY Session,"↑ 3x more altered gene expression vs. other relaxation activities (111 vs. 38 genes)|Rapid distinct changes in the expression of genes linked to immune function, cell signalling, and cytoskeletal regulation",Controlled Crossover Study,,"Qu et al., 2013",https://pubmed.ncbi.nlm.nih.gov/28692417/,Qu-2013-Rapid gene expression changes in perip.pdf,PLoS One,General Population,"PH: Genes, PH: Immunity",Acceptable,University of Oslo,Norway,"Fact-Check Master Doc, TC Explorer",Reviewed,⭐⭐⭐⭐⭐
93,RAWAT_2011_01,2011,SKY,,Male Smokers,20,6 weeks,Significant reduction in smoking habit|Increased motivation to quit tobacco,Two-Arm Non-Randomised Pre-Post Study,,"Rawat et al., 2011",https://globalresearchonline.net/journalcontents/volume6issue2/Article-007.pdf,Rawat-2011-How Sudharshan Kriya helps to reduc.pdf,International Journal of Pharmaceutical Sciences,At-risk Communities,"PH: Breath / Lungs, SH: At-risk Communities",Mixed Reputation,"Tata Consultancy Services, Clinical Data Management, Noida, U.P, India.",India,"Fact-Check Master Doc, TC Explorer",Reviewed,
74,ROVNAGHI_2025_01,2025,SKY,Reduces stress and improves emotional wellbeing in seventh-grade students,Seventh-Graders,21,10 months,↓ 23% lowered cortisol at follow-up|↑ 18% higher oxytocin|Fewer poor mental health days,Single-Arm Pre-Post Study,10 months,"Rovnaghi et al., 2025",https://pubmed.ncbi.nlm.nih.gov/40125529/,Rovnaghi-2025-Using hair biomarkers to examine.pdf,Comprehensive Psychoneuroendocrinology,Youth & Students,"PH: Biomarkers, MH: Stress, SH: Youth & Students",Acceptable,Stanford University,USA,"Fact-Check Master Doc, TC Explorer",Reviewed,
75,SAATCIOGLU_2022_01,2022,SKY,Reduces stress and improves communication and performance in frontline health professionals,Frontline Health Professionals,803,3 days,↓ 94% reported reduced stress|↑ 92% felt communication improved|↑ 81% felt job performance improved|100% said they would recommend the programme to fellow health professionals,Observational Study,,"Saatcioglu et al., 2022",https://pubmed.ncbi.nlm.nih.gov/36162039/,Saatcioglu-2022-The Promise of Well-Being Inte.pdf,JCO Oncology Practice,Professionals,"MH: Stress, MH: Cognition",Acceptable,University of Oslo,Norway,"Fact-Check Master Doc, TC Explorer",Reviewed,
96,SAYYED_2010_01,2010,SKY,,Healthy Adults,55,8 days,↑ 9% increased Forced Vital Capacity (FVC)|↑ 6% increased Forced Expiratory Volume (FEV1)|↑ 22% increased Peak Expiratory Flow Rate (PEFR)|↑ 14% increased Maximum Voluntary Ventilation (MVV),Single-Arm Pre-Post Study,,"Sayyed et al., 2010",https://www.semanticscholar.org/paper/Study-of-lipid-profile-and-pulmonary-functions-in-Sayyed-Patil/055c0492780c212915432a648ca83a1d395e2fad,Sayyed-2010-Study of Lipid Profile and Pulmona.pdf,Al Ameen Journal of Medical Science,General Population,PH: Breath / Lungs,Predatory,Maharashtra Institute of Medical Education & Research,India,"Fact-Check Master Doc, TC Explorer",Reviewed,
76,SEPPALA_2014_01,2014,SKY,Reduces PTSD and anxiety symptoms in veterans with lasting effects,War Veterans with PTSD,21,1 week,↓ 29% reduction in PTSD symptoms (1 week)|↓ 22% reduction (1 month)|↓ 30% reduction (1 year)|↓ 18% reduction in anxiety (1 year),Randomised Controlled Trial,1 year,"Seppälä et al., 2014",https://pubmed.ncbi.nlm.nih.gov/25158633/,Seppala-2014-Breathing-based meditation decrea.pdf,Journal of Traumatic Stress,At-risk Communities,"MH: Stress, MH: Anxiety, SH: At-risk Communities",Acceptable,Stanford University,USA,"Fact-Check Master Doc, TC Explorer",Reviewed,
77,SEPPALA_2020_01,2020,SKY,Reduces stress and improves wellbeing in university students,University Students,131,8 weeks,"Reduced depression and stress|Improved mindfulness, positive feelings, and social connections|SKY could help reduce the need for counselling services, potentially easing the financial burden on universities",Randomised Controlled Trial,,"Seppälä et al., 2020",https://pubmed.ncbi.nlm.nih.gov/32760296/,Seppala-2020-Promoting Mental Health and Psych.pdf,Frontiers in Psychiatry,Youth & Students,"SH: Youth & Students, MH: Happiness",Acceptable,Yale University,USA,"Fact-Check Master Doc, TC Explorer",Reviewed,⭐⭐⭐⭐⭐
99,SESHADRI_2019_01,2019,SKY,,Women (General),410,Long-term practice,"↑ 75% improvement in general health|Significant improvements in physical, mental, and emotional well-being",Single-Arm Pre-Post Study,,"Seshadri et al., 2019",https://www.jscholaronline.org/articles/JWHG/Impact-of-a-Low-Cost.pdf,"Seshadri-2019-Impact of a Low Cost, Non-Pharma.pdf",Journal of Women’s Health and Gynecology,Women,SH: Women,Mixed Reputation,SSIAR,"India, UK","Fact-Check Master Doc, TC Explorer",Reviewed,
78,SHARMA_2003_01,2003,SKY,Improves antioxidant levels and reduces physical stress in police trainees,Police Trainees,24,5 months,↑ 4x higher glutathione|↑ 52% higher catalase|↓ 71% lower blood lactate|↑ 2.6x higher superoxide dismutase (SOD),Quasi-Experimental Study,,"Sharma et al., 2003",https://pubmed.ncbi.nlm.nih.gov/12853172/,Sharma-2003-Sudarshan Kriya practitioners exhi.pdf,Biological Psychology,Professionals,"PH: Biomarkers, MH: Stress",Acceptable,"AIIMS, New Delhi",India,"Fact-Check Master Doc, TC Explorer",Reviewed,
79,SHARMA_2008_01,2008,SKY,Enhances cell survival and resistance to oxidative stress in healthy adults,Healthy Adults,84,,↑ Increased activity of genes that support cell survival|↑ Increased lymphocyte longevity|↑ Increased protection against oxidative stress,Cross-Sectional Study,,"Sharma et al., 2008",https://pubmed.ncbi.nlm.nih.gov/18222135/,Sharma-2008-Gene expression profiling in pract.pdf,Journal of Psychosomatic Research,General Population,"PH: Cancer, PH: Genes",Acceptable,"AIIMS, New Delhi",India,"Fact-Check Master Doc, TC Explorer, FC-Worksheet.",Reviewed,
80,SHARMA_2017_01,2017,SKY,Reduces depression symptoms in treatment-resistant patients,Patients with Major Depressive Disorder (MDD),25,8 weeks,↓ 53% reduced depression symptoms/scores in patients who did not respond to antidepressants,Randomised Controlled Trial,,"Sharma et al., 2017",https://pubmed.ncbi.nlm.nih.gov/27898207/,Sharma-2017-A Breathing-Based Meditation Inter.pdf,Journal of Clinical Psychiatry,Patients,MH: Depression,Acceptable,"Perelman School of Medicine, UPenn",USA,"Fact-Check Master Doc, TC Explorer",Reviewed,
81,SHARMA_2019_01,2019,SKY,Improves brain function and cognitive processing in healthy adults,Healthy Adults,50,3 months,Improved brain function|Improved cognitive processing,Randomised Controlled Trial,,"Sharma et al., 2019",https://pubmed.ncbi.nlm.nih.gov/31181300/,Sharma-2019-EEG signal based classification be.pdf,Neuroscience Letters,General Population,"PH: Brain, MH: Cognition",Acceptable,"UIET, Panjab University, Chandigarh, India",India,"Fact-Check Master Doc, TC Explorer",Reviewed,
82,SHIJU_2019_01,2019,SKY,Reduces anxiety and depression while improving quality of life in type 2 diabetes patients,Type 2 Diabetes (T2D) Patients,26,5 days,↓ 43% reduced anxiety|↓ 33% reduced depression|↑ 12% improved quality of life,Single-Arm Pre-Post Study,,"Shiju et al., 2019",https://www.sciencedirect.com/science/article/abs/pii/S1871402119302449?via%3Dihub,Shiju-2019-Effect of Sudarshan Kriya Yoga on a.pdf,Diabetes & Metabolic Syndrome: Clinical Research and Reviews,Patients,"MH: Anxiety, MH: Depression, PH: Diabetes",Acceptable,"Dasman Diabetes Institute, Al-Soor Street, Kuwait, P.O. Box 1180, Dasman, 15462, Kuwait.",Kuwait,"Fact-Check Master Doc, TC Explorer",Reviewed,
83,SLOAN_2020_01,2020,SKY,Improves sleep quality with regular practice,Regular Practitioners,385,,77% of daily practitioners reported good sleep quality|Lower frequency of practice associated with higher odds of poor sleep quality,Cross-Sectional Study,,"Sloan and Kanchibhotla, 2020",https://link.springer.com/article/10.1007/s11325-020-02240-9,Sloan-2020-The association of Sudarshan Kriya.pdf,Sleep and Breathing,Practitioners / Meditators,MH: Sleep,Acceptable,Kagoshima University,Japan,"Fact-Check Master Doc, TC Explorer",Reviewed,
84,SLOAN_2021_01,2021,SKY,Supports healthier lifestyle habits in working adults,Working Adults,531,5 months,76% of daily practitioners had ≥4 healthy lifestyle habits vs. 41% in non-practitioners|42% of daily practitioners had ≥5 healthy habits vs. 17% in non-practitioners|Daily SKY practitioners were nearly twice as likely to lead a healthy lifestyle,Cross-Sectional Study,,"Sloan and Kanchibhotla, 2021",https://journals.sagepub.com/doi/abs/10.1089/acm.2021.0035?cf-mal-redirected=true&download=true&journalCode=acm,Sloan-2021-Association Between Sudarshan Kriya.pdf,The Journal of Alternative and Complementary Medicine,Professionals,"MH: Stress, MH: Happiness",Acceptable,Kagoshima University,Japan,"Fact-Check Master Doc, TC Explorer, FC-Worksheet",Reviewed,
85,SLOAN_2023_01,2023,SKY,Increases happiness in adults with regular practice,Adults in Singapore,733,,2-fold higher likelihood of being happier for daily SKY practitioners,Observational Study,,"Sloan and Kanchibhotla, 2023",https://pubmed.ncbi.nlm.nih.gov/34097652/,Sloan-2023-The Association of Sudarshan Kriya.pdf,Alternative Therapies in Health and Medicine,General Population,MH: Happiness,Acceptable,Kagoshima University,Japan,"Fact-Check Master Doc, TC Explorer",Reviewed,
108,SOMWANSHI_2013_01,2013,SKY,,Healthy Adults,30,12 weeks,Normalised blood pressure|Reduced resting heart rate|Boosted overall heart health,Single-Arm Pre-Post Study,,"Somwanshi et al., 2013",https://www.statperson.com/Journal/ScienceAndTechnology/Article/Volume8Issue1/8_1_17.pdf,Somwanshi-2013-Effect of Sudarshankriya Yoga o.pdf,International Journal of Recent Trends in Science And Technology,General Population,PH: Heart,Mixed Reputation,"MIMSR Medical College, Latur, Maharashtra, INDIA.",India,"Fact-Check Master Doc, TC Explorer",Reviewed,
86,SUBRAMANIAN_2012_01,2012,SKY,Reduces cholesterol and stress in engineering students,Engineering Students,43,6 weeks,↓ 13% decreased cholesterol|↓ 37% reduced VLDL|Lowered stress (protected against exam-related changes),Randomised Controlled Trial,,"Subramanian et al., 2012",https://journals.lww.com/ijoy/fulltext/2012/05010/role_of_sudarshan_kriya_and_pranayam_on_lipid.5.aspx,Subramanian-2012-Role of sudarshan kriya and p.pdf,International Journal of Yoga,Youth & Students,"PH: Biomarkers, MH: Stress, SH: Youth & Students",Acceptable,"Department of Medical Research, SRM Medical College Hospital and Research Centre,",India,"Fact-Check Master Doc, TC Explorer",Reviewed,
87,SUBRAMANIAN_2025_01,2025,SKY,Improves wellbeing and cognitive performance in adolescents,Adolescents,275,4 days,↑ 86% showed increased mental well-being|↑ 71% showed improved cognitive performance|↑ 95% demonstrated enhanced emotional well-being at day 40,Single-Arm Pre-Post Study,,"Subramanian et al., 2025",https://pubmed.ncbi.nlm.nih.gov/39829376/,Subramanian-2025-Effect of yogic breathing pra.pdf,Clinical Child Psychology and Psychiatry,Youth & Students,"SH: Youth & Students, MH: Happiness",Acceptable,SSIAR,India,Fact-Check Master Doc,Reviewed,
88,SULEKHA_2006_01,2006,SKY,Increases deep sleep duration in long-term male practitioners,Healthy Males,67,5+ years,↑ 3x increased deep sleep duration in middle-aged adult practitioners,Cross-Sectional Study,,"Sulekha et al., 2006",https://onlinelibrary.wiley.com/doi/abs/10.1111/j.1479-8425.2006.00233.x,Sulekha-2006-Evaluation of sleep architecture.pdf,Sleep and Biological Rhythms,Practitioners / Meditators,MH: Sleep,Acceptable,"NIMHANS, Bengaluru",India,"Fact-Check Master Doc, TC Explorer",Reviewed,
89,SUREKA_2014_01,2014,SKY,Reduces anxiety and improves wellbeing in male prisoners,Male Prisoners,230,6 weeks,↓ 50% reduction in anxiety symptoms|↑ 22% improvement in depression symptoms|↑ 36% improvement in total psychological well-being,Randomised Controlled Trial,,"Sureka et al., 2014",https://pubmed.ncbi.nlm.nih.gov/25440560/,Sureka-2014-Effect of Sudarshan Kriya on male.pdf,Asian Journal of Psychiatry,At-risk Communities,"MH: Anxiety, MH: Depression, SH: At-risk Communities",Acceptable,"Central Jail Hospital, Tihar, New Delhi",India,Fact-Check Master Doc,Reviewed,
90,SWAIN_2021_01,2021,SKY,Reduces menopausal symptoms and improves antioxidant levels in women,Menopausal Women (aged 40 - 50),65,1 year,"↓ 15% decreased hot flushes and night sweats|↓ 13% decreased psychosocial symptoms (anxiety, depression, memory)|↑ 72% increased antioxidant SOD|↑ 21% increased GPx",Randomised Controlled Trial,,"Swain et al., 2021",https://pubmed.ncbi.nlm.nih.gov/34254406/,Swain-2021-Impact of yoga intervention on meno.pdf,Journal of Obstetrics and Gynaecology Research,Women,SH: Women,Acceptable,"AIIMS, Bhubaneswar",India,"Fact-Check Master Doc, TC Explorer",Reviewed,
91,TOSCHI-DIAS_2017_01,2017,SKY,"Reduces anxiety, depression, and distress in affected patients",Anxiety-Depression Patients,46,15 days,↓ 33% reduced anxiety symptoms|↓ 31% reduced depression symptoms|↓ 57% lowered psychological distress|Improved sympathovagal balance,Non-Randomised Controlled Trial,,"Toschi-Dias et al., 2017",https://pubmed.ncbi.nlm.nih.gov/28285240/,Toschi-Dias-2017-Sudarshan Kriya Yoga improves.pdf,Journal of Affective Disorders,Patients,"MH: Anxiety, MH: Depression, PH: Vagus Nerve",Acceptable,"Ospedale Maggiore Policlinico, Via Francesco Sforza, 28, Milan, Italy.",Italy,"Fact-Check Master Doc, TC Explorer, FC-Worksheet",Reviewed,
92,TRIPATHI_2025_01,2025,SKY,"Induces a deeply restful, wakeful brain state in practitioners",Long-Term Practitioners,43,Single SKY Session,"Rhythmic breathing accentuates theta rhythms|Facilitates transition to ""restful awareness"" state (Turiya) unlike sleep",Two-Arm Non-Randomised Pre-Post Study,,"Tripathi et al., 2025",https://www.nature.com/articles/s44184-025-00156-4,Tripathi-2025-Unlocking deep relaxation_ the p.pdf,Nature Partner Journals — Mental Health Research,General Population,"PH: Brain, MH: Anxiety, MH: Depression",Acceptable,"Center for Brain Science & Department of Psychology, Harvard University, Cambridge, MA, USA",USA,"TC Explorer, Conversation History",Reviewed,⭐⭐⭐⭐⭐
93,UNUDURTHI_2023_01,2023,SKY,Reduces cravings and improves wellbeing in opioid users,Opioid Users,8,1 month,Reduced substance use cravings|Reduced depression symptoms|Improved physical functioning and emotional well-being,Quasi-Experimental Study,,"Unudurthi et al., 2023",https://pubmed.ncbi.nlm.nih.gov/36989479/,Unudurthi-2023-Sudarshan Kriya Meditation Redu.pdf,Journal of psychosocial nursing and mental health services,At-risk Communities,"SH: At-risk Communities, MH: Depression",Acceptable,"Masonic Medical Research Institute, Utica, New York (S.D.U.);",USA,Fact-Check Master Doc,Reviewed,
94,VANGALA_2000_01,2000,SKY,Greatly reduces depression and anxiety in patients with major depressive disorder,Patients with Major Depressive Disorder (MDD),30,4 weeks,↓ 66% reduced depression|↓ 74% reduced anxiety,Randomised Controlled Trial,,"Vangala et al., 2000",https://psycnet.apa.org/record/2002-12746-004,Rohini-2000-A comparative Study of fulll.pdf,NIMHANS Journal,Patients,"MH: Happiness, MH: Depression",Acceptable,"NIMHANS, Bengaluru",India,Fact-Check Master Doc,Reviewed,
95,VASUDEV_2020_01,2020,SKY,"Reduces PTSD, anxiety, and depression symptoms in affected patients",Patients with PTSD,19,24 weeks,↓ 29% reduced depression|↓ 27% reduced anxiety|↓ 36% reduced PTSD symptoms,Single-Arm Pre-Post Study,,"Vasudev et al., 2020",https://journals.lww.com/ijoy/fulltext/2020/13030/sudarshan_kriya_yoga_program_in_posttraumatic.11.aspx,Vasudev-2020-Sudarshan Kriya Yoga program in p.pdf,International Journal of Yoga,At-risk Communities,"MH: Anxiety, SH: At-risk Communities, MH: Stress",Acceptable,"Victoria Hospital, London, ON, N6A5W9, Canada.",Canada,Fact-Check Master Doc,Reviewed,
96,VEDAMURTHACHAR_2006_01,2006,SKY,Reduces stress and depression in alcohol-dependent individuals,Alcohol-Dependent Individuals,60,2 weeks,↓ 57% drop in cortisol|↓ 33% reduced ACTH|↓ 76% reduction in depression scores,Randomised Controlled Trial,,"Vedamurthachar et al., 2006",https://pubmed.ncbi.nlm.nih.gov/16740317/,Vedamurthachar-2006-Antidepressant efficacy an.pdf,Journal of Affective Disorders,Patients,"MH: Stress, MH: Depression, PH: Biomarkers",Acceptable,NIMHANS,India,"Fact-Check Master Doc, TC Explorer",Reviewed,
97,VERMA_2022_01,2022,SKY,Lowers blood sugar in type 2 diabetes patients,T2D Patients,84,7 days,↓ 24% reduced blood sugar,Single Arm Observational Study,,"Verma et al., 2022",https://pubmed.ncbi.nlm.nih.gov/36120271/,Verma-2022-An Observational Study on the Effec.pdf,Cureus,Patients,"PH: Diabetes, PH: Biomarkers",Acceptable,"Bharati Vidyapeeth Dental College and Hospital, Navi Mumbai, IND",India,"Fact-Check Master Doc, TC Explorer, FC-Worksheet",Reviewed,
98,WARNER_2012_01,2012,SKY,Improves emotional wellbeing and self-esteem in breast cancer patients,Breast Cancer Patients,12,5 weeks,↑ Increased emotional well-being and body image|↑ Increased self-esteem and empowerment|↑ Increased life appreciation and spiritual connection,Qualitative Study,,"Warner and Wall, 2012",https://www.novapublishers.com/wp-content/uploads/2019/12/978-1-62257-364-6_ch2.pdf,Warner-2012-Exploration of psychological and s.pdf,Psychology of Cancer,Patients,"PH: Cancer, SH: Women",Acceptable,Stanford Unversity,USA,"Fact-Check Master Doc, FC-Worksheet.",Reviewed,
99,YADAV_2021_01,2021,SKY,Reduces harmful drinking and supports recovery in alcohol-dependent men,Male Alcohol Dependent Patients,80,6 months,↓ 39% drop in harmful drinking behaviour|↑ 14% improvement in well-being symptoms (in 6 days)|23% of patients reported zero alcohol use at 6-month follow-up,Randomised Controlled Trial,,"Yadav et al., 2021",https://pubmed.ncbi.nlm.nih.gov/35017822/,Yadav-2021-Impact of breathing and relaxation.pdf,Industrial psychiatry journal,At-risk Communities,"SH: At-risk Communities, MH: Stress",Acceptable,"Department of Psychiatry, Armed Forces Medical College, Pune, Maharashtra, India.",India,Fact-Check Master Doc,Reviewed,
100,ARCHANA_2026_01,2026,"SKY, SSM",Integrative Breathwork (SKY + Meditation) Resets IBS symptoms with persistent practice,21-year-old with Irritable Bowel Syndrome,1,9 months,↑ ~80% formed stools (marked improvement in consistency)|↓ Reduced clinical anxiety and IBS-related symptoms,Single Case Study,,"Archana et al., 2026",https://pubmed.ncbi.nlm.nih.gov/41805561/,Archana_2026_IBSpaper.pdf,Advances in Mind-Body Medicine,Patients,"PH: Gut Health, MH: Anxiety",Acceptable,"Sri Ramachandra Institute of Higher Education and Research, Chennai",India,,Reviewed,
101,TOLSTOVA_2026_01,2026,SKY,"Reduces PTSD, anxiety, and depression symptoms while improving sleep and resilience in military trainees",Military personnel (assault troops) undergoing basic training,50,8 weeks,↓ 43 reduction in anxiety|↓ 41% reduction in depression|↓ 42% reduction in PTSD symptoms|↑ 78% increase in subjective calmness and inner balance|↑ 82% reported improved sleep quality,Two-Arm Pre-Post Study,,"Tolstova and Afanasieva, 2026",https://lawscience.com.ua/web/uploads/pdf/Scientific%20Journal%20of%20the%20National%20Academy%20of%20Internal%20Affairs_31_1_2026_94-103.pdf,Tolstova-2026-Influence of stress factors on t.pdf,Scientific Journal of the National Academy of Internal Affairs,At-risk Communities,"MH: Stress, MH: Anxiety, MH: Depression, MH: Sleep, SH: At-risk Communities",Acceptable,"Simon Kuznets Kharkiv National University of Economics, Kharkiv",Ukraine,,Reviewed,