Serial No,Flashcard ID,Year,Intervention ,Subtopic,Study Population,Highlight,Participant Type,Participants (n),Intervention Duration,Follow-up Timepoints,Study Design,Proven Benefits Statement,Journal Reputation,Citation Short,Journal,Corresponding Author Affiliation,Country,Link to Published Study,Annotated PDF (Internal Use ONLY),Validation,Rating
1,ACHARYA_2017_01,2017,Sudarshan Kriya Yoga (SKY),PH: Breath / Lungs,Practitioners / Meditators,,Healthy Males,100,3+ years,,Cross-Sectional Study,↑ 6% increased Forced Vital Capacity (FVC)|↑ 6% increased Forced Expiratory Volume (FEV1)|↑ 8% increased Peak Expiratory Flow Rate (PEFR),Predatory,"Acharya et al., 2017",Scholars Journal of Applied Medical Sciences,"R.N.T. Medical College, Udaipur, Rajasthan, India",India,https://www.saspublishers.com/media/articles/SJAMS_59D3785-3788.pdf,Acharya-2017-Comparative Study of Pulmonary Fu.pdf,Reviewed,
2,CARTER_2013_01,2013,Sudarshan Kriya Yoga (SKY),"MH: Stress, MH: Anxiety, MH: Depression, SH: At-risk Communities",At-risk Communities,,Vietnam Veterans with PTSD,25,6 weeks,6 months,Randomised Controlled Trial,↓ 25% reduction in PTSD symptoms (6 weeks)|↓ 32% reduction in depression (6 weeks)|↓ 53% reduction in PTSD symptoms (6 months),Predatory,"Carter et al., 2013",Journal of Traumatic Stress Disorders & Treatment,"START Clinic for the Mood and Anxiety Disorders, Toronto, Ontario, Canada",Canada,,J.Carter-2013-Multi-Component Yoga Breath Prog.pdf,Reviewed,
3,AGTE_2004_01,2004,Sudarshan Kriya Yoga (SKY),PH: Diabetes,Patients,,T2D Patients,35,4 months,,Observational Study,↓ 17% reduced fasting glucose|↓ 16% reduced triglycerides|↓ 15% reduced cholesterol,Mixed Reputation,"Agte and Tarwadi, 2004",Alternative and Complementary Therapies,"Agharkar Research Institute, Pune, Maharashtra, India",India,https://journals.sagepub.com/doi/abs/10.1089/1076280041580323?cf-mal-redirected=true&journalCode=act,Agte-2004-Sudarshan Kriya Yoga for Treating Ty.pdf,Reviewed,
4,AGTE_2008_01,2008,Sudarshan Kriya Yoga (SKY),"PH: Biomarkers, MH: Anxiety",General Population,Reduces anxiety and improves physical balance,Healthy Adults,37,2 months,,Single-Arm Pre-Post Study,↓ 19% reduced anxiety|↓ 13% decreased malondialdehyde (MDA)|↑ 28% increased superoxide dismutase (SOD),Acceptable,"Agte and Chiplonkar, 2008",Alternative and Complementary Therapies,"Agharkar Research Institute, Pune, Maharashtra, India",India,https://journals.sagepub.com/doi/10.1089/act.2008.14204?cf-mal-redirected=true&,Agte-2008-Sudarshan Kriya Yoga for Improving A.pdf,Reviewed,
5,AHMAD_2016_01,2016,Sudarshan Kriya Yoga (SKY),"PH: Breath / Lungs, MH: Stress",Youth & Students,Improves breathing and lung capacity,Medical Students,30,90 days,,Single-Arm Pre-Post Study,↑ 12% increased Vital Capacity (FVC)|↑ 15% increased Peak Expiratory Flow Rate (PEFR),Acceptable,"Ahmad et al., 2016",Indian Journal of Basic and Applied Medical Research,"Hind Institute of Medical Sciences, Barabanki, Uttar Pradesh, India",India,https://www.ijbamr.com/assets/images/issues/pdf/June%202016%20748-752.pdf.pdf,Ahmad-2016-Assessment of Pulmonary functions a.pdf,Reviewed,
6,AHMAD_2016a_01,2016,Sudarshan Kriya Yoga (SKY),"SH: Youth & Students, PH: Heart",Youth & Students,,Medical Students,30,3 months,,Single-Arm Pre-Post Study,Reduced blood pressure|Improved cholesterol levels|Reduced blood sugar,Mixed Reputation,"Ahmad et al., 2016",International Journal of Research in Medical Sciences,"Hind Institute of Medical Sciences, Barabanki, Uttar Pradesh, India",India,https://www.msjonline.org/index.php/ijrms/article/view/879,Ahmad-2016-Impact of sudarshan kriya yoga on m.pdf,Reviewed,
7,AYYILDIZ_2017_01,2017,Sudarshan Kriya Yoga (SKY),"PH: Cancer, PH: Genes, PH: Biomarkers",General Population,Supports immune function at the cellular level,Healthy Adults,10,4 days,,Observational Study,"↑ 217 genes showed altered expression in immune cells, including cancer regulation pathways|↓ Reduced expression of genes linked to cell death and DNA damage",Acceptable,"Ayyildiz and Arga, 2017",OMICS: A Journal of Integrative Biology,"University of Udine, Udine, Friuli Venezia Giulia, Italy",Italy,https://pubmed.ncbi.nlm.nih.gov/28692417/,Ayyildiz-2017-Hypothesis_ Are There Molecular.pdf,Reviewed,⭐⭐⭐⭐⭐
8,BALASUBRAMANIAN_2025_01,2025,Sudarshan Kriya Yoga (SKY),"PH: Biomarkers, PH: Immunity",Professionals,Reduces inflammation and strengthens immunity,Healthcare Workers,38,12 weeks,,Randomised Controlled Trial,"Reduced markers of inflammation (ESR, CRP, N:L ratio)|↑ Increased anti-inflammatory cytokine IL-4|↑ Increased CD56+ and CD8+ immune cell counts",Acceptable,"Balasubramanian et al., 2025",Traditional and Integrative Medicine,"Sri Ramachandra Institute of Higher Education and Research, Chennai, Tamil Nadu, India",India,https://publish.kne-publishing.com/index.php/tim/article/view/17474/16332,Balasubramanian-2025-Effect of a Yogic Breathi.pdf,Reviewed,
9,BAYLEY_2022_01,2022,Sudarshan Kriya Yoga (SKY),"SH: At-risk Communities, MH: Stress",At-risk Communities,Reduces PTSD and depression symptoms,War Veterans with PTSD,85,6 weeks,,Randomised Controlled Trial,Reduced PTSD and depression symptoms|Improved overall mood|Found as effective as standard Cognitive Processing Therapy (CPT),Acceptable,"Bayley et al., 2022",BMJ Open,"War Related Illness and Injury Study Center, VA Palo Alto Health Care System, Palo Alto, California, USA",USA,https://pubmed.ncbi.nlm.nih.gov/36008059/,Bayley-2022-Randomised clinical non-inferiorit.pdf,Reviewed,⭐⭐⭐⭐⭐
10,BHASKAR_2017_01,2017,Sudarshan Kriya Yoga (SKY),"PH: Heart, PH: Vagus Nerve",General Population,Improves heart recovery and stress response,Healthy Adults,30,Single SKY Session,,Single-Arm Pre-Post Study,↓ 13% reduced heart rate|↑ 18% improved sympathovagal balance|Increased heart efficiency,Acceptable,"Bhaskar et al., 2017",Journal of Alternative and Complementary Medicine,"Sri Sri Institute of Advanced Research (SSIAR), Ved Vignan Maha Vidya Peeth, Bengaluru; Department of Physiology, All India Institute of Medical Sciences (AIIMS), New Delhi",India,https://pubmed.ncbi.nlm.nih.gov/28691853/,Bhaskar-2017-Assessment of Cardiac Autonomic T.pdf,Reviewed,
11,BHASKAR_2020_01,2020,Sudarshan Kriya Yoga (SKY),"PH: Brain, MH: Cognition",Practitioners / Meditators,Boosts alertness and relaxation and improves brain coordination,Regular Practitioners,40,Single SKY Session,,Single-Arm Pre-Post Study,"↑ 10-15% increased Gamma and Beta activity (cognition/alertness)|↑ 4-8% increased Delta, Theta and Alpha activity (relaxation)|Improved synchrony between left and right hemispheres",Acceptable,"Bhaskar et al., 2020",International Journal of Yoga,"Sri Sri Institute of Advanced Research (SSIAR), Bengaluru, Karnataka, India",India,https://pubmed.ncbi.nlm.nih.gov/32669767/,Bhaskar-2020-High-Frequency Cerebral Activatio.pdf,Reviewed,
12,BHATIA_2002_01,2002,Sudarshan Kriya Yoga (SKY),"PH: Brain, MH: Cognition",Practitioners / Meditators,Enhances deep relaxation and alertness over time,Long-Term Practitioners,5,Single SKY Session,,Observational Study,"Increased coherence in fronto-central beta band suggests enhanced brain connectivity and efficiency|Increased alpha activity in posterior regions indicates deep relaxation|Central midline theta activity suggests activation and alertness|Resting EEG: Increased focal beta activity, reflecting long-term brain changes",Acceptable,"Bhatia, 2002","All India Institute of Medical Sciences, New Delhi - AIIMS Research Book","All India Institute of Medical Sciences (AIIMS), New Delhi, Delhi, India",India,https://aolresearch.org/pdf/other/EEG_M_Bhatia.pdf,Bhatia-2002-EEG during sudarshan kriya_ A quan.pdf,Reviewed,
13,BHATIA_2003_01,2003,Sudarshan Kriya Yoga (SKY),"PH: Brain, MH: Cognition",General Population,Improves mental focus with sustained practice,SKY Practitioners,35,Long-Term SKY Practice,,Cross-Sectional Study,Significant increase in beta activity linked to mental focus,Acceptable,"Bhatia et al., 2003",Indian Journal of Physiology and Pharmacology,"All India Institute of Medical Sciences (AIIMS), New Delhi, Delhi, India",India,https://www.ncbi.nlm.nih.gov/pubmed/15255618,Bhatia-2003-Electrophysiologic evaluation of S.pdf,Reviewed,
14,BROWN_2005_01,2005,Sudarshan Kriya Yoga (SKY),PH: Vagus Nerve,General Population,Enhances stress resilience and social connection through vagal activation, - , - , - , - ,Review,SKY stimulates the vagus nerve and enhances vagal tone|Enhances heart rate variability (HRV)|Contributes to improved social bonding through neuroendocrine shifts,Acceptable,"Brown and Gerbarg, 2005",Journal of Integrative and Complementary Medicine,"New York Medical College, Valhalla, New York, USA",USA,https://pubmed.ncbi.nlm.nih.gov/15750381/,Brown-2005-Sudarshan Kriya yogic breathing in.pdf,Reviewed,
16,KOLHE_2022_01,2022,Sudarshan Kriya Yoga (SKY),"MH: Sleep, MH: Cognition",Professionals,,Government Officials,100,2 months,,Qualitative Study,Improved sleep quality|Enhanced cognitive function and overall well-being,Mixed Reputation,"Kolhe, 2022",Indian Journal of Health Studies,"Commissioner of Income Tax, Not Reported, India",India,https://www.journalofhealthstudies.in/article_html.php?did=13975&issueno=0,Kolhe-2022-Positive Impact of Sudharshan Kriya.pdf,Reviewed,
17,CHANDANA_2015_01,2015,Sudarshan Kriya Yoga (SKY),"PH: Brain, MH: Cognition",Practitioners / Meditators,,Long and Short-Term Practitioners,43,Single SKY Session,,Single-Arm Pre-Post Study,84% showed increased alpha waves (relaxed/alert)|97% showed increased beta waves (awareness)|88% showed increased delta waves (restoration)|100% showed increased theta waves (profound relaxation),Mixed Reputation,"Chandana et al., 2015",International Journal Of Public Mental Health And Neurosciences,"SJB Institute of Technology, Bengaluru, Karnataka, India",India,https://www.academia.edu/25233109/QUANTITATIVE_ANALYSIS_OF_EEG_SIGNAL_BEFORE_AND_AFTER_SUDHARSHANA_KRIYA_YOGA,Chandana-2015-Quantitative analysis of ee.pdf,Reviewed,
18,CHANDER_2022_01,2022,Sudarshan Kriya Yoga (SKY),"SH: Youth & Students, SH: Women","Youth & Students, Women",Improves relaxation and serving performance in sportswomen,Women Volleyball Players,14,5 weeks,,Quasi-Experimental Study,Reported increase in relaxation levels|Reported improvement in serving accuracy,Acceptable,"Chander, 2022",Towards Excellence,"Bhagat Phool Singh Mahila Vishwavidyalaya, Sonipat, Haryana, India",India,https://www.researchgate.net/publication/370119290_EFFECT_OF_INDIGENOUS_YOGA_PRACTICES_ON_RELAXATION_AND_SERVING_ACCURACY_OF_VOLLEYBALL_PLAYERS,Chander-2022-EFFECT OF INDIGENOUS YOGA PRACTIC.pdf,Reviewed,
19,KUMAR_2017_01,2017,Sudarshan Kriya Yoga (SKY),"PH: Biomarkers, MH: Stress, SH: Youth & Students",Youth & Students,,College Students,102,6 months,,Quasi-Experimental Study,↓ 40% drop in cortisol in medical students during exams,Predatory,"Kumar et al., 2017",International Journal of Applied Research,"Moti Lal Nehru Medical College, Prayagraj, Uttar Pradesh, India",India,https://www.allresearchjournal.com/archives/?year=2017&vol=3&issue=7&part=H&ArticleId=4094,Kumar-2017-Effect of “Sudarshan Kriya” on seru.pdf,Reviewed,
20,CHANDRA_2016_01,2016,Sudarshan Kriya Yoga (SKY),"PH: Brain, MH: Cognition",General Population,Improves memory and cognitive performance,Healthy Adults,25,90 days,,Non-Randomised Controlled Trial,"Higher memory test scores|Improved working memory during cognitive tasks|More efficient use of brain rhythms (gamma, alpha, theta)",Acceptable,"Chandra et al., 2016",International Journal of Yoga,"Institute of Nuclear Medicine and Allied Sciences (INMAS), DRDO, New Delhi, Delhi, India",India,"https://journals.lww.com/ijoy/fulltext/2016/09010/effect_of_sudarshan_kriya__meditation__on_gamma,.12.aspx",Chandra-2016-Effect of Sudarshan Kriya (medita.pdf,Reviewed,
21,CHANDRA_2016_01,2016,Sudarshan Kriya Yoga (SKY),"PH: Vagus Nerve, MH: Cognition",General Population,Improves multitasking speed and accuracy,Healthy Adults,25,90 days,,Randomised Controlled Trial,↑ 11% faster response times while multitasking|↑ 6% improvement in task accuracy|Improved sympathovagal balance|Increased alpha brain activity,Acceptable,"Chandra et al., 2016",Brain Informatics,"Institute of Nuclear Medicine and Allied Sciences (INMAS), DRDO, New Delhi, Delhi, India",India,https://link.springer.com/article/10.1007/s40708-016-0055-1,Chandra-2016-Workload regulation by Sudarshan.pdf,Reviewed,
22,MUNGAL_2013_01,2013,Sudarshan Kriya Yoga (SKY),"PH: Biomarkers, MH: Stress",General Population,,Practitioners,60,,6 months,Observational Study,Healthier lipid profiles|Reduced stress levels following regular SKY practice,Mixed Reputation,"Mungal and Bondade, 2013",International Journal of Current Research and Review,"Dr. Shankarrao Chavan Government Medical College, Nanded, Maharashtra, India",India,https://ijcrr.com/uploads/1078_pdf.pdf,Mungal-2013-Effect of Sudarshan Kriya Yoga on.pdf,Reviewed,
23,CHANDRA_2016_02,2016,Sudarshan Kriya Yoga (SKY),"PH: Brain, PH: Vagus Nerve, MH: Cognition",General Population,"Improves memory, focus, and mental performance",Healthy Adults,25,90 days,,Randomised Controlled Trial,"↑ Memory test scores|↑ improved working memory during cognitive tasks|Enhanced focus, brain efficiency and mental performance",Acceptable,"Chandra et al., 2016",Brain Informatics,"Institute of Nuclear Medicine and Science, DRDO, New Delhi, India",India,https://link.springer.com/article/10.1007/s40708-016-0055-1,Chandra-2016-Workload regulation by Sudarshan.pdf,Reviewed,
24,CHANDRA_2017_01,2017,Sudarshan Kriya Yoga (SKY),"PH: Brain, MH: Stress, MH: Cognition",General Population,Improves reaction speed and focus,Healthy Adults,20,30 days,,Single-Arm Pre-Post Study,↓ 9% decreased reaction time|↑ 13% total reactions|↓ 37% delayed reactions|↓ 48% omitted responses|Improved alpha activity (relaxation/focus),Acceptable,"Chandra et al., 2017",International Journal of Yoga,"Institute of Nuclear Medicine and Science, DRDO, New Delhi, India",India,https://journals.lww.com/ijoy/fulltext/2017/10020/Mental_Stress__Neurophysiology_and_Its_Regulation.3.aspx,Chandra-2017-Mental stress_ Neurophysiology an.pdf,Reviewed,
25,NARNOLIA_2014_01,2014,Sudarshan Kriya Yoga (SKY),"PH: Heart, PH: Biomarkers, MH: Anxiety",Patients,,Hypertensive Patients,100,3 months,,Randomised Controlled Trial,↓ 90% reduced anxiety symptoms|↓ 5% reduced systolic BP|↓ 6% reduced diastolic BP|↓ 13% reduced cholesterol|↓ 7% reduced BMI,Predatory,"Narnolia et al., 2014",Scholars Journal of Applied Medical Sciences,"Sardar Patel Medical College and Hospitals, Bikaner, Rajasthan, India",India,https://www.saspublishers.com/article/7351/download/,Narnolia-2014-Effect of Sudarshan Kriya Yoga o.pdf,Reviewed,
26,CHAUDHARI_2020_01,2020,Sudarshan Kriya Yoga (SKY),MH: Sleep,General Population,"Reduces daytime drowsiness in young adults, especially in those with obesity",Young Adults,105,8 weeks,,Randomised Controlled Trial,↓ 31% decreased daytime drowsiness|Significant improvements observed in obese participants,Acceptable,"Chaudhari et al., 2020",Journal of Complementary and Integrative Medicine,"Surana Sethia Hospital and Research Centre, Mumbai, Maharashtra, India",India,https://www.degruyterbrill.com/document/doi/10.1515/jcim-2020-0172/html,Chaudhari-2020-Effect of Sudarshan Kriya Yoga.pdf,Reviewed,
27,CHAUHAN_2015a_01,2015,Sudarshan Kriya Yoga (SKY),"SH: Youth & Students, MH: Happiness",Youth & Students,,School Students,40,6 days,,Single Arm Observational Study,"↑ 63% reported increased confidence|↑ 58% reported greater peace of mind|Improved patience, leadership, and teamwork",Mixed Reputation,"Chauhan, 2015",International Journal of Indian Psychology,"Sardar Patel University, Vallabh Vidyanagar, Gujarat, India",India,https://ijip.in/articles/effectiveness-of-the-art-of-living-yes-programme-on-school-students/,Sweta Sharadkum-2015-School-Students.pdf,Reviewed,
28,RANI_2019_01,2019,Sudarshan Kriya Yoga (SKY),"MH: Depression, SH: At-risk Communities",At-risk Communities,,Alcohol-Dependent Individuals,60,7 days,,Quasi-Experimental Study,66% showed mild depression post-intervention (down from moderate/severe),Mixed Reputation,"Rani, 2019","International Journal of Research in Engineering, Science and Management","Shri Venkateshwara University, Amroha, Uttar Pradesh, India",India,https://www.ijresm.com/Vol.2_2019/Vol2_Iss10_October19/IJRESM_V2_I10_9.pdf#page=1.27,Rani-2019-Effect of Yoga on Depression Among A.pdf,Reviewed,
29,CHAUHAN_2015b_01,2015,Sudarshan Kriya Yoga (SKY),"SH: Youth & Students, MH: Stress",Youth & Students,,College Students,40,6 days,,Single Arm Observational Study,"Reduced stress, anxiety, and emotional instability|Increased peace of mind, leadership, and teamwork",Mixed Reputation,"Chauhan, 2015",International Journal of Indian Psychology,"Sardar Patel University, Vallabh Vidyanagar, Gujarat, India",India,https://ijip.in/wp-content/uploads/2020/05/B00367V2I42015.pdf,Sweta Sharadkum-2015-College-Students.pdf,Reviewed,
30,CHHABRA_2024_01,2024,Sudarshan Kriya Yoga (SKY),"PH: Vagus Nerve, PH: Breath / Lungs",Practitioners / Meditators,Improves breathing efficiency and heart–breath coordination over time,Long-Term Practitioners,22,Single SKY Session,,Single-Arm Pre-Post Study,Increased vagal tone|Increased cardiovascular-respiratory synchronisation|Increased parasympathetic activity|Increased respiratory efficiency,Acceptable,"Chhabra et al., 2024",Journal of Ayurveda and Integrative Medicine,"Sri Sri Institute for Advanced Research, Bengaluru, Karnataka, India",India,https://pubmed.ncbi.nlm.nih.gov/38244476/,Chhabra-2024-Long Sudarshan Kriya Yoga enhance.pdf,Reviewed,
31,CHHAJER_2024_01,2024,Sudarshan Kriya Yoga (SKY),"MH: Stress, MH: Anxiety",Professionals,Reduces stress and anxiety in managers within one week,Managers,64,1 week,,Randomised Controlled Trial,↓ 28% reduced stress|↓ 29% reduced anxiety,Acceptable,"Chhajer and Dagar, 2024",Frontiers in Psychology,"Indian Institute of Management Indore, Indore, Madhya Pradesh, India",India,https://www.frontiersin.org/journals/psychology/articles/10.3389/fpsyg.2024.1327119/full,Chhajer-2024-Examining the impact of a restora.pdf,Reviewed,
32,SHAH_2023_01,2023,Sudarshan Kriya Yoga (SKY),"MH: Anxiety, MH: Stress",Youth & Students,,College Students,30,4 weeks,,Randomised Controlled Trial,↓ 37% reduced anxiety symptoms|↓ 27% reduced stress symptoms|↓ 33% reduced neck pain,Mixed Reputation,"Shah and Patil, 2023",International Journal of Scientific Research,"Dr. D. Y. Patil Vidyapeeth, Pimpri, Pune, Maharashtra, India",India,https://www.worldwidejournals.com/international-journal-of-scientific-research-(IJSR)/article/effect-of-the-5-pranayamas-versus-sudarshan-kriya-on-neck-pain-stress-and-anxiety-in-college-going-students-an-experimental-study/NDcwOTA=/,R. Shah-2023-EFFECT OF THE 5 PRANAYAMAS VERSUS.pdf,Reviewed,
33,DANIEL_2022_01,2022,Sudarshan Kriya Yoga (SKY),"MH: Cognition, MH: Stress, SH: Youth & Students",Youth & Students,Improves accuracy and reduces errors under stress,Undergraduate Students,18,1 month,,Randomised Controlled Trial,↑ 72% more correct responses under stress|↓ 67% fewer errors|↓ 54% fewer omitted responses,Acceptable,"Daniel et al., 2022",International Journal of Yoga,"Defence Research and Development Organisation (DRDO), New Delhi, Delhi, India",India,https://pubmed.ncbi.nlm.nih.gov/35444365/,Daniel-2022-Effective Stress Management throug.pdf,Reviewed,
34,DAS_2002_01,2002,Sudarshan Kriya Yoga (SKY),PH: Cancer,Practitioners / Meditators,Increases immune cell levels,Cancer Patients and Healthy Adults,97,,,Cross-Sectional Study,↑ 1.6x higher NK cell levels compared to non-practising cancer patients|↑ 1.8x higher NK cell levels compared to healthy non-practitioners,Acceptable,"Das and Kochupillai, 2002",AIIMS Research Book,"All India Institute of Medical Sciences (AIIMS), New Delhi, Delhi, India",India,https://aolresearch.org/pdf/other/Flowcyt_Das.pdf,Das-2002-Flowcytometric Study of T-cell Subset.pdf,Reviewed,
35,DASAPPA_2016_01,2016,Sudarshan Kriya Yoga (SKY),PH: Diabetes,Patients,Lowers blood sugar and improves diabetes control in patients,T2D Patients (Urban Slums),109,40 days,,Non-Randomised Controlled Trial,↓ 13% reduction in HbA1c|↓ 40% drop in random blood sugar levels|Improved adherence to dietary changes and self-care habits,Acceptable,"Dasappa et al., 2016",Journal of Family Medicine and Primary Care,"Art of Living Foundation, Bengaluru, Karnataka, India",India,https://journals.lww.com/jfmpc/fulltext/2016/05030/Effectiveness_of_yoga_program_in_the_management_of.21.aspx,Dasappa-2016-Effectiveness of yoga program in.pdf,Reviewed,
36,DESCILO_2010_01,2010,Sudarshan Kriya Yoga (SKY),"MH: Depression, SH: At-risk Communities",At-risk Communities,Reduced depression and PTSD in tsunami survivors,Tsunami Survivors,183,6 weeks,24 weeks,Non-Randomised Controlled Trial,↓ 87% reduced depression|↓ 64% reduced PTSD symptoms|Benefits sustained up to 24-week follow-up,Acceptable,"Descilo et al., 2010",Acta Psychiatrica Scandinavica,"New York Medical College, Valhalla, New York, USA",USA,https://pubmed.ncbi.nlm.nih.gov/19694633/,Descilo-2010-Effects of a yoga breath interven.pdf,Reviewed,
37,DEUCHAR_2019_01,2019,Sudarshan Kriya Yoga (SKY),"SH: At-risk Communities, MH: Stress",At-risk Communities,Reduces substance use in former gang members,Former Gang Members,17,,,Qualitative Study,Reduced cannabis use and alcohol consumption|Improved emotional control and reduced aggression|Improved sleep and calmness,Acceptable,"Deuchar, 2019",Youth Justice,"University of the West of Scotland, Paisley, Scotland, United Kingdom",UK,https://journals.sagepub.com/doi/10.1177/1473225419889195,"Deuchar-2019-Gang Disengagement, Desistance an.pdf",Reviewed,
38,DHARA_2015_01,2015,Sudarshan Kriya Yoga (SKY),"SH: Women, PH: Heart",Women,,Women (aged 56–68 yrs),30,15 days,,Single-Arm Pre-Post Study,↓ 6% reduced systolic blood pressure|↓ 5% reduced diastolic blood pressure|↓ 13% reduced mental stress,Mixed Reputation,"Dhara and Mandal, 2015","International Journal of Physical Education, Sports and Health","Visva-Bharati University, Santiniketan, West Bengal, India",India,https://www.kheljournal.com/archives/2015/vol1issue6/PartC/1-6-8.pdf,Dhara-2015-Short term effect of Sudarsan Kriya.pdf,Reviewed,
39,SUREKA_2015_01,2015,Sudarshan Kriya Yoga (SKY),"MH: Anxiety, SH: At-risk Communities, MH: Happiness",At-risk Communities,,Male Patients with Psychoactive Substance Dependence,111,6 weeks,,Randomised Controlled Trial,62% improvement in anxiety symptoms|26% increase in Well-Being,Mixed Reputation,"Sureka et al., 2015",ASEAN Journal of Psychiatry,"Hands for Help Clinic, Kanpur, Uttar Pradesh, India",India,https://web.archive.org/web/20240414144933/https://citeseerx.ist.psu.edu/document?repid=rep1&type=pdf&doi=aaec8240b69cd6983b8918becddd1f726802fae8,Sureka-2015-Sudarshan kriya for male patients.pdf,Reviewed,
40,DHAWAN_2015_01,2015,Sudarshan Kriya Yoga (SKY),"SH: At-risk Communities, PH: Immunity",At-risk Communities,Achieves zero relapse in opioid-dependent users,Opioid-Dependent Users,84,6 months,,Randomised Controlled Trial,100% of participants had drug-free urine tests at 6 months (zero relapse)|Improved physical and psychological quality of life,Acceptable,"Dhawan et al., 2015",International Journal of Yoga,"All India Institute of Medical Sciences (AIIMS), New Delhi, Delhi, India",India,https://pubmed.ncbi.nlm.nih.gov/26170596/,Dhawan-2015-Effectiveness of yogic breathing i.pdf,Reviewed,⭐⭐⭐⭐⭐
41,VAN DER MERWE_2011_01,2011,Sudarshan Kriya Yoga (SKY),"MH: Stress, MH: Happiness",Professionals,,School Principals,6,6 weeks,,Single-Arm Pre-Post Study,↓ 42% drop in emotional exhaustion|↓ 36% drop in depersonalisation|↑ 31% boost in sense of personal accomplishment,Mixed Reputation,"Van der Merwe and Parsotam, 2011",Journal for New Generation Sciences,"KwaZulu-Natal Department of Education, KwaZulu-Natal, South Africa",South Africa,https://journals.co.za/doi/10.10520/EJC83597,"Merwe-2011-Breathe in, breathe out _ alleviati.pdf",Reviewed,
42,DORIA_2015_01,2015,Sudarshan Kriya Yoga (SKY),MH: Anxiety,Patients,Reduces anxiety and depression in patients,Patients with Generalized Anxiety Disorder (GAD),69,6 months,,Quasi-Experimental Study,↓35% anxiety (on medication)|↓51% anxiety (off medication)|↓36% depression (on/off medication),Acceptable,"Doria et al., 2015",Journal of Affective Disorders,"Department of Neuroscience, Fatebenefratelli e Oftalmico Hospital, Milan, Italy",Italy,https://pubmed.ncbi.nlm.nih.gov/26142611/,Doria-2015-Anti-anxiety efficacy of Sudarshan.pdf,Reviewed,
43,GEETHA_2014_01,2014,Sudarshan Kriya Yoga (SKY),"PH: Biomarkers, SH: Women",Women,Improves antioxidant defence and reduces oxidative stress in menopausal women,Menopausal Women,190,30 days,,Non-Randomised Controlled Trial,↑ 212% increased superoxide dismutase (SOD)|↑ 112% improved plasma glutathione peroxidase (GPx)|↓ 66% reduced malondialdehyde (MDA),Acceptable,"Geetha et al., 2014",Biomedical Research,"Dhanalakshmi Srinivasan Medical College and Hospital, Perambalur, Tamil Nadu, India",India,https://www.alliedacademies.org/articles/quality-of-life-after-menopause-effects-of-hormone-replacement-therapyvitamin-e-and-sudarhana-kriya-yoga-practice-a-comparative-study.pdf,Geetha-2014-Quality of life after menopause_ E.pdf,Reviewed,
44,GERBARG_2005_01,2005,Sudarshan Kriya Yoga (SKY),"SH: At-risk Communities, MH: Stress",At-risk Communities,"Improves sleep, energy, and trauma recovery in disaster survivors",Hurricane Katrina Survivors,,,,Qualitative Study,Improved sleep and energy levels|Reduced feelings of tension and aggression|Fewer flashbacks and trauma symptoms,Acceptable,"Gerbarg and Brown, 2005",Current Psychiatry Online,"New York Medical College, Valhalla, New York, USA",USA,https://www.researchgate.net/publication/288024346_Yoga_A_breath_of_relief_for_Hurricane_Katrina_refugees,Gerbarg-2005-Yoga_ A breath of relief for Hurr.pdf,Reviewed,
45,GHAHREMANI_2013_01,2013,Sudarshan Kriya Yoga (SKY),"SH: Youth & Students, MH: Cognition",Youth & Students,Improves self-control and planning in students,High School Students,445,4 weeks,,Two-Arm Pre-Post Study,Reduced impulsive behaviour in daily life|Improved planning and reduced acting without thinking,Acceptable,"Ghahremani et al., 2013",Journal of Adolescent Health,"University of California, Los Angeles (UCLA), Los Angeles, California, USA",USA,https://pubmed.ncbi.nlm.nih.gov/23601502/,Ghahremani-2013-Effects of the Youth Empowerme.pdf,Reviewed,⭐⭐⭐⭐⭐
46,GHOLAM_2021_01,2021,Sudarshan Kriya Yoga (SKY),"PH: Brain, MH: Cognition",General Population,Supports cognitive function and brain processing efficiency with age,Healthy Adults (40–65 yrs),60,Long-Term SKY Practice,,Cross-Sectional Study,2.3x higher P300 amplitudes in long-term practitioners|↓ 7.7% shorter P300 latency indicating faster cognitive processing|Supports preservation of cognitive function with age,Acceptable,"Gholam et al., 2021",International Tinnitus Journal,"Kasturba Medical College, Manipal Academy of Higher Education (MAHE), Mangalore, Karnataka, India",India,https://www.ncbi.nlm.nih.gov/pubmed/33944527,Gholam-2021-Effect of Sudarsankriya yoga pract.pdf,Reviewed,
47,GOLDSTEIN_2016_01,2016,Sudarshan Kriya Yoga (SKY),"PH: Heart, PH: Vagus Nerve, SH: Youth & Students",Youth & Students,Improves heart recovery and stress regulation in young adults,Young Adults,11,4 weeks,,Single-Arm Pre-Post Study,↑ 48% increased heart rate recovery|Increased vagal tone|Increased autonomic regulation after stress,Acceptable,"Goldstein et al., 2016",International Journal of Yoga,"RTI International, Atlanta, Georgia, USA",USA,https://journals.lww.com/ijoy/fulltext/2016/09010/Improvements_in_well_being_and_vagal_tone.4.aspx,Goldstein-2016-Improvements in well-being and.pdf,Reviewed,⭐⭐⭐⭐⭐
48,GOLDSTEIN_2020_01,2020,Sudarshan Kriya Yoga (SKY),"MH: Stress, MH: Sleep, MH: Happiness, SH: Youth & Students",Youth & Students,Reduces stress and improves wellbeing in college students,College Students,69,3 months,3 months,Randomised Controlled Trial,↓ 22% reduced perceived stress|Trend-level decrease in sleep disturbances|↑ Improved social connectedness|↑ Increased self-esteem,Acceptable,"Goldstein et al., 2020",Journal of American College Health,"Beth Israel Deaconess Medical Center and Harvard Medical School, Boston, Massachusetts, USA",USA,https://www.tandfonline.com/doi/abs/10.1080/07448481.2020.1781867,Goldstein-2020-Improvements in well-being and.pdf,Reviewed,⭐⭐⭐⭐⭐
49,GUPTA_2022_01,2022,Sudarshan Kriya Yoga (SKY),"PH: Breath / Lungs, MH: Stress, MH: Happiness, PH: Biomarkers, MH: Anxiety",General Population,Reduces altitude sickness symptoms and improves wellbeing,Healthy Participants,29,4 days,,Single-Arm Pre-Post Study,↓ 71% reduction in Acute Mountain Sickness (AMS) symptoms|Improved mental well-being and lipid profile|Trend toward lower anxiety,Acceptable,"Gupta et al., 2022",Journal of Neurosciences in Rural Practice,"Swami Vivekananda Yoga Anusandhana Samsthana (S-VYASA) University, Bengaluru, Karnataka, India",India,https://pubmed.ncbi.nlm.nih.gov/36743761/,Gupta-2022-Physical and mental health at high.pdf,Reviewed,
50,HAMILTON-WEST_2019_01,2019,Sudarshan Kriya Yoga (SKY),"MH: Anxiety, MH: Depression",Patients,Reduces anxiety and depression symptoms in patients,NHS Patients,169,4 weeks,,Observational Study,↓ 46% reduced anxiety symptoms|↓ 45% reduced depression symptoms,Acceptable,"Hamilton-West et al., 2019",Primary Health Care Research & Development,"University of Kent, Canterbury, Kent, England, United Kingdom",UK,https://pubmed.ncbi.nlm.nih.gov/32799993/,Hamilton-West-2019-Evaluation of a Sudarshan K.pdf,Reviewed,⭐⭐⭐⭐⭐
51,JADHAV_2016_01,2016,Sudarshan Kriya Yoga (SKY),"SH: Youth & Students, MH: Cognition",Youth & Students,Improves reaction speed and responsiveness,Medical Students,60,3 months,,Single-Arm Pre-Post Study,↑ 17% improvement in visual reaction time (VRT)|↑ 19% improvement in auditory reaction time (ART),Acceptable,"Jadhav et al., 2016",National Journal of Medical Research,"Government Medical College, Latur, Maharashtra, India",India,https://njmr.in/index.php/file/article/view/240,Jadhav-2016-Effect of Sudarshan Kriya Yoga on.pdf,Reviewed,
52,JANAKIRAMAIAH_1998_01,1998,Sudarshan Kriya Yoga (SKY),MH: Depression,Patients,Reduces depression and anxiety symptoms in patients,Patients with Chronic Depression,37,3 month,,Single-Arm Pre-Post Study,↓ 68% remission rate|↓ 69% reduced depression symptoms|↓ 64% reduced anxiety,Acceptable,"Janakiramaiah et al., 1998",NIMHANS Journal,"National Institute of Mental Health and Neuro Sciences (NIMHANS), Bengaluru, Karnataka, India",India,https://psycnet.apa.org/record/2001-00489-003,Janakiramaiah-1998-Therapeutic efficacy of Sud.pdf,Reviewed,
53,JANAKIRAMAIAH_2000_01,2000,Sudarshan Kriya Yoga (SKY),MH: Depression,Patients,Reduces melancholic depression in inpatients,Inpatients with Melancholic Depression,45,4 weeks,,Randomised Controlled Trial,"SKY offers a holistic, non-pharmacological alternative to traditional antidepressants in reducing melancholic depression",Acceptable,"Janakiramaiah et al., 2000",Journal of Affective Disorders,"National Institute of Mental Health and Neuro Sciences (NIMHANS), Bengaluru, Karnataka, India",India,https://pubmed.ncbi.nlm.nih.gov/10708840/,Janakiramaiah-2000-Antidepressant efficacy of.pdf,Reviewed,
54,JAYASHREE_2025_01,2025,Sudarshan Kriya Yoga (SKY),"SH: At-risk Communities, MH: Stress",At-risk Communities,Reduces stress and improves quality of life in transgender adults,Transgender Adults,60,6 weeks,,Two-Arm Pre-Post Study,"↓ 30% lower perceived stress after SKY|Improved quality of life across physical, social, and environmental domains",Acceptable,"Jayashree and Kalavathy, 2025",Tamilmanam International Journal of Tamil Studies,"Bharathiar University, Coimbatore, Tamil Nadu, India",India,https://tamilmanam.in/journal/index.php/issue/article/view/116/101,Jayashree-2025-Exploring Holistic Wellness amo.pdf,Reviewed,
55,JYOTSNA_2012_01,2012,Sudarshan Kriya Yoga (SKY),"PH: Diabetes, MH: Happiness",Patients,Improves quality of life in diabetic patients,Patients with Type 2 Diabetes,49,3 months,,Randomised Controlled Trial,↑ 9% improved quality of life,Acceptable,"Jyotsna et al., 2012",Indian Journal of Endocrinology and Metabolism,"All India Institute of Medical Sciences (AIIMS), New Delhi, Delhi, India",India,https://journals.lww.com/indjem/fulltext/2012/16030/comprehensive_yogic_breathing_program_improves.20.aspx,Jyotsna-2012-Comprehensive yogic breathing pro.pdf,Reviewed,
56,JYOTSNA_2013_01,2013,Sudarshan Kriya Yoga (SKY),"PH: Heart, PH: Diabetes",Patients,Improves heart function and autonomic balance in diabetic patients,Diabetic Patients,64,6 months,,Randomised Controlled Trial,Improved cardiac autonomic function|Decreased incidences of autonomic abnormalities,Acceptable,"Jyotsna et al., 2013",Indian Journal of Endocrinology and Metabolism,"All India Institute of Medical Sciences (AIIMS), New Delhi, Delhi, India",India,https://pubmed.ncbi.nlm.nih.gov/23869306/,Jyotsna-2013-Cardiac autonomic function in pat.pdf,Reviewed,
57,JYOTSNA_2014_01,2014,Sudarshan Kriya Yoga (SKY),"PH: Diabetes, PH: Heart",Patients,Improves blood sugar control and quality of life in diabetic patients,Patients with Type 2 Diabetes,120,6 months,,Randomised Controlled Trial,Improved quality of life scores|Decreased postprandial glucose|Enhanced sympathetic cardiac autonomic regulation,Acceptable,"Jyotsna et al., 2014",Indian Journal of Endocrinology and Metabolism,"All India Institute of Medical Sciences (AIIMS), New Delhi, Delhi, India",India,https://pubmed.ncbi.nlm.nih.gov/25143922/,Jyotsna-2014-Completion report_ Effect of Comp.pdf,Reviewed,
58,KALE_2016_01,2016,Sudarshan Kriya Yoga (SKY),"PH: Breath / Lungs, PH: Heart, MH: Stress",Practitioners / Meditators,Improves lung capacity and breathing efficiency with practice,Healthy Males,43,1+ years,,Cross-Sectional Study,↑ 18-19% increased Forced Vital Capacity (FVC)|↑ 20-22% increased Forced Expiratory Volume (FEV1)|↑ 21-22% increased Peak Expiratory Flow Rate (PEFR) and Breath-holding time (BHT),Acceptable,"Kale et al., 2016",International Journal of Medical Science and Public Health,"Lokmanya Tilak Municipal Medical College and General Hospital, Mumbai, Maharashtra, India",India,https://www.bibliomed.org/?mno=219622,Kale-2016-The effect of Sudarshan Kriya Yoga (.pdf,Reviewed,
59,KANCHIBHOTLA_2018_01,2018,Sudarshan Kriya Yoga (SKY),"SH: Youth & Students, MH: Happiness",Youth & Students,,Rural Youth,992,8 days,,Observational Study,Reduced perceived stress|Increased mental well-being and resilience|Increased confidence and empowerment,Predatory,"Kanchibhotla et al., 2018",Journal of Emerging Technologies and Innovative Research (JETIR),"Sri Sri Institute for Advanced Research (SSIAR), Bengaluru, Karnataka, India",India,http://www.ssiar.org/latestpublicationpdf/12.pdf,Kanchibhotla-2018-Yoga based Leadership Progra.pdf,Reviewed,
60,KANCHIBHOTLA_2020_01,2020,Sudarshan Kriya Yoga (SKY),SH: At-risk Communities,At-risk Communities,Reduces aggression and improves life satisfaction in former militants,Former Militants,219,40 days,,Single-Arm Pre-Post Study,Reduced physical and verbal aggression|Reduced anger and hostility|Improved life satisfaction,Acceptable,"Kanchibhotla et al., 2020",International Journal of Yoga,"Sri Sri Institute for Advanced Research (SSIAR), Bengaluru, Karnataka, India",India,https://journals.lww.com/ijoy/fulltext/2020/13010/effectiveness_of_a_comprehensive_yoga_program_on.8.aspx#,Kanchibhotla-2020-Effectiveness of a comprehen.pdf,Reviewed,
61,KANCHIBHOTLA_2021a_01,2021,Sudarshan Kriya Yoga (SKY),"MH: Stress, SH: Youth & Students",Youth & Students,Reduces stress and improves emotional stability in teenagers,Teenagers,455,1+ years,,Cross-Sectional Study,↓ 10% lowered perceived stress|↑ Improved peer relationships and emotional stability,Acceptable,"Kanchibhotla et al., 2021",Clinical Child Psychology and Psychiatry,"Sri Sri Institute for Advanced Research (SSIAR), Bengaluru, Karnataka, India",India,https://pubmed.ncbi.nlm.nih.gov/33588582/,Kanchibhotla-2021-LessStressBetterBonds.pdf,Reviewed,
62,KANCHIBHOTLA_2021b_01,2021,Sudarshan Kriya Yoga (SKY),"MH: Stress, MH: Anxiety, MH: Depression, MH: Sleep, MH: Happiness",Professionals,Improved mental health and resilience in healthcare professionals,Healthcare Professionals,92,4 days,40 days,Single-Arm Pre-Post Study,↓ 37% reduced stress|↓ 27% reduced anxiety|↓ 47% reduced depression|↑ 27% improved resilience (day 40)|↑ Improved sleep quality,Acceptable,"Kanchibhotla et al., 2021",Glob Adv Health Med,"Sri Sri Institute for Advanced Research (SSIAR), Bengaluru, Karnataka, India",India,https://pubmed.ncbi.nlm.nih.gov/33623726/,Kanchibhotla-2021-Impact of a Yogic Breathing.pdf,Reviewed,
63,KANCHIBHOTLA_2021c_01,2021,Sudarshan Kriya Yoga (SKY),"PH: Biomarkers, MH: Stress",Professionals,Restores healthy salivary pH balance,Healthy Adults,321,Single SKY Session,,Single-Arm Pre-Post Study,Significant shift of salivary pH towards neutral in participants with acidic or alkaline baseline|pH remained stable in those with neutral levels,Acceptable,"Kanchibhotla et al., 2021",Complement Med Res,"Sri Sri Institute for Advanced Research (SSIAR), Bengaluru, Karnataka, India",India,https://pubmed.ncbi.nlm.nih.gov/33735857/,Kanchibhotla-2021-ImpactSKY-SalivarypH.pdf,Reviewed,
64,KANCHIBHOTLA_2021d_01,2021,Sudarshan Kriya Yoga (SKY),MH: Sleep,General Population,Improves sleep quality especially in younger adults,Indian Adults,473,3 days,,Single-Arm Pre-Post Study,↑ 25% reported improved sleep quality|with younger adults benefiting the most,Acceptable,"Kanchibhotla et al., 2021",Sleep and Vigilance,"Sri Sri Institute for Advanced Research (SSIAR), Bengaluru, Karnataka, India",India,https://link.springer.com/article/10.1007/s41782-021-00146-4,Kanchibhotla-2021-SKY_on_Sleep_Quality.pdf,Reviewed,
65,KANCHIBHOTLA_2021e_01,2021,Sudarshan Kriya Yoga (SKY),"SH: Youth & Students, MH: Stress",Youth & Students,Reduces stress and improves focus and wellbeing in children,Children (8-13 years),420,4 days,,Pilot Study,↓ 56% reduced incidence of stress|↑ 27% higher cognitive abilities (focus and clarity)|↑ 15% increased mental well-being,Acceptable,"Kanchibhotla and Subramanian, 2021",Indian Journal of Youth and Adolescent Health,"Sri Sri Institute for Advanced Research (SSIAR), Bengaluru, Karnataka, India",India,https://www.researchgate.net/publication/358779996_Improvement_in_Children%27s_Mental_Health_and_Cognitive_Abilities_with_Yogic_Breathing_A_Pilot_Study,Kanchibhotla-2021-Improvement in Children’s Me.pdf,Reviewed,
66,KANCHIBHOTLA_2022_01,2022,Sudarshan Kriya Yoga (SKY),"MH: Stress, MH: Happiness",Professionals,Reduces burnout and improves wellbeing in healthcare professionals,Healthcare Professionals,56,4 days,30 days,Observational Study,↓ 34% reduced work exhaustion|↑ 10% increased professional fulfilment|↓ 23% decreased negative emotions|↑ 13% increased positive emotions,Acceptable," Kanchibhotla et al., 2022",Frontiers in Psychology,"Sri Sri Institute for Advanced Research (SSIAR), Bengaluru, Karnataka, India",India,https://pubmed.ncbi.nlm.nih.gov/35910997/,Kanchibhotla-2022-Alleviating Work Exhaustion.pdf,Reviewed,
67,KANCHIBHOTLA_2023a_01,2023,Sudarshan Kriya Yoga (SKY),"SH: Youth & Students, MH: Cognition",Youth & Students,,Adolescents,455,1+ years,,Cross-Sectional Study,Improved working memory and verbal learning|Enhanced visual-motor coordination,Predatory,"Kanchibhotla et al., 2023",Journal of Positive School Psychology,"Sri Sri Institute for Advanced Research (SSIAR), Bengaluru, Karnataka, India",India,https://journalppw.com/index.php/jpsp/article/view/16145,Divya-2023-Association Of Sudarshan Kriya Yoga.pdf,Reviewed,
68,KATZMAN_2012_01,2012,Sudarshan Kriya Yoga (SKY),MH: Anxiety,Patients,Greatly reduces anxiety symptoms in patients,Patients with Generalized Anxiety Disorder (GAD),31,4 weeks,,Single-Arm Pre-Post Study,73% of participants experienced ≥ 50% reduction in anxiety|41% remission rate for Generalised Anxiety Disorder (GAD),Acceptable,"Katzman et al., 2012",International Journal of Yoga,"START Clinic for Mood and Anxiety Disorders, Toronto, Ontario, Canada",Canada,https://pubmed.ncbi.nlm.nih.gov/35910997/,"Katzman-2012-A multicomponent yoga-based, brea.pdf",Reviewed,
69,KHADKA_2024_01,2024,Sudarshan Kriya Yoga (SKY),"MH: Stress, MH: Happiness",Professionals,Reduces stress and improves self-esteem in medical doctors,Medical Doctors,58,40 days,,Single-Arm Pre-Post Study,↓ 14% reduced stress|↑ Improved self-esteem,Acceptable,"Khadka et al., 2024",Ann Med Surg (Lond),"Nepalese Army Institute of Health Sciences, Kathmandu, Bagmati Province, Nepal",Nepal,https://pubmed.ncbi.nlm.nih.gov/39118691/,Khadka-2024-Effects of Sudarshan Kriya Yoga (S.pdf,Reviewed,
70,KHARYA_2014_01,2014,Sudarshan Kriya Yoga (SKY),"PH: Vagus Nerve, PH: Heart",General Population,Helps maintain a steadier heart rhythm,Healthy Adults,50,150 days,,Randomised Controlled Trial,Improved heart rate regulation|Better sympathovagal balance|Benefits were most pronounced in those with initially weaker heart rate control,Acceptable,"Kharya et al., 2014",Indian Journal of Physiology and Pharmacology,"All India Institute of Medical Sciences (AIIMS), New Delhi, Delhi, India",India,https://pubmed.ncbi.nlm.nih.gov/25906603/,Kharya-2014-Effect of controlled breathing exe.pdf,Reviewed,⭐⭐⭐⭐⭐
71,KJELLGREN_2007_01,2007,Sudarshan Kriya Yoga (SKY),"MH: Stress, MH: Depression, MH: Anxiety",General Population,"Reduces stress, anxiety, and depression",Healthy Adults,103,6 weeks,,Non-Randomised Controlled Trial,↓ 18% reduced stress|↓ 34% reduced depression|↓ 23% reduced anxiety,Acceptable,"Kjellgren et al., 2007",BMC Complement Altern Med,"Karlstad University, Karlstad, Värmland, Sweden",Sweden,https://pubmed.ncbi.nlm.nih.gov/18093307/,Kjellgren-2007-Wellness through a comprehensiv.pdf,Reviewed,
72,KOCHUPILLAI_2005_01,2005,Sudarshan Kriya Yoga (SKY),"PH: Cancer, SH: At-risk Communities",Patients,Boosts immunity in cancer patients and supports tobacco cessation,Cancer Patients and Tobacco Users,27,6 months,,Non-Randomised Controlled Trial,Increased natural killer (NK) cell counts in cancer patients|↓ 21% of tobacco users reported complete cessation,Acceptable,"Kochupillai et al., 2005",Annals of the New York Academy of Sciences,"All India Institute of Medical Sciences (AIIMS), New Delhi, Delhi, India",India,https://pubmed.ncbi.nlm.nih.gov/16387692/,Kochupillai-2005-Effect of rhythmic breathing.pdf,Reviewed,
73,KOPANSKA_2022_01,2022,Sudarshan Kriya Yoga (SKY),PH: Brain,General Population,Helps the brain relax and recover after COVID,Individuals Post-COVID Recovery,15,3 sessions,,Single-Arm Pre-Post Study,Increased Alpha wave amplitudes|Improved relaxation and mental calmness|Suggests support for neural recovery and cognitive restoration,Acceptable,"Kopanska et al., 2022",Frontiers in Human Neuroscience,"Institute of Medical Sciences, Medical College of Rzeszow University, Rzeszow, Poland",Poland,https://pubmed.ncbi.nlm.nih.gov/36277052/,Kopanska-2022-Quantitative electroencephalogra.pdf,Reviewed,
74,KORKMAZ_2024_01,2024,Sudarshan Kriya Yoga (SKY),"MH: Stress, MH: Depression, MH: Anxiety, MH: Sleep, MH: Happiness",Professionals,Reduces stress and burnout while improving fulfilment in physicians,Physicians,129,8 weeks,,Randomised Controlled Trial,↓ 41% reduced stress scores|↓ 52% reduced depression scores|↓ 53% reduced anxiety scores|↓ 20% reduced insomnia scores|↑ 25% increased professional fulfilment,Acceptable,"Korkmaz et al., 2024",JAMA Network Open,"Izmir Biomedicine and Genome Center, Izmir, Izmir Province, Turkey",Turkey,https://pubmed.ncbi.nlm.nih.gov/38294813/,Korkmaz-2024-Sudarshan Kriya Yoga Breathing an.pdf,Reviewed,⭐⭐⭐⭐⭐
75,KUMAR_2013_01,2013,Sudarshan Kriya Yoga (SKY),"PH: Biomarkers, PH: Cancer, MH: Stress, SH: Women","Women, Patients",Reduces stress and pain in breast cancer patients,Breast Cancer Patients,147,3 months,,Randomised Controlled Trial,↓ 19% reduced cortisol|↓ 2-3 point reduction in pain perception,Acceptable,"Kumar et al., 2013",Indian J Palliat Care,"Indian Council of Medical Research (ICMR), New Delhi, Delhi, India",India,https://pubmed.ncbi.nlm.nih.gov/24347909/,Kumar-2013-Randomized Controlled Trial in Adva.pdf,Reviewed,⭐⭐⭐⭐⭐
76,KUMAR_2017_01,2017,Sudarshan Kriya Yoga (SKY),"PH: Biomarkers, MH: Stress, SH: Youth & Students",Youth & Students,,College Students,102,6 months,,Quasi-Experimental Study,↓ 40% drop in cortisol in medical students during exams,Mixed Reputation,"Kumar et al., 2017",International Journal of Applied Research,"M.L.N. Medical College, Prayagraj (Allahabad), Uttar Pradesh, India",India,https://www.allresearchjournal.com/archives/?year=2017&vol=3&issue=7&part=H&ArticleId=4094,Kumar-2017-Effect of “Sudarshan Kriya” on seru.pdf,Reviewed,
77,LIN_2023_01,2023,Sudarshan Kriya Yoga (SKY),"PH: Breath / Lungs, MH: Anxiety",Patients,Reduces breathlessness and COPD-related distress while improving quality of life,Patients with COPD,9,10 weeks,,Single-Case Study,"↓ Reduced dyspnea, anxiety, and distress related to COPD|Improved overall quality of life",Acceptable,"Lin et al., 2023",OBM Integrative and Complementary Medicine,"California State University, Fresno, Fresno, California, USA",USA,https://www.lidsen.com/journals/icm/icm-08-04-059,Lin-2023-Breathing-Based Meditation for Improv.pdf,Reviewed,
78,LIU_2025_01,2025,Sudarshan Kriya Yoga (SKY),"MH: Stress, MH: Happiness, MH: Cognition",Youth & Students,Improves stress coping and overall wellbeing in trainee counsellors,Trainee Counsellors,42,1 month,,Randomised Controlled Trial,↑ 9% boost in overall wellness in 3 days|Improved problem-solving abilities|Enhanced stress coping skills|Boosted self-esteem and meaning,Acceptable,"Liu et al., 2025",Counselor Education and Supervision,"California State University, Fresno, Fresno, California, USA",USA,https://onlinelibrary.wiley.com/doi/10.1002/ceas.70007,Liu-2025-Effect of Virtual Breathwork Program.pdf,Reviewed,
79,MATHERSUL_2022_01,2022,Sudarshan Kriya Yoga (SKY),"PH: Vagus Nerve, SH: At-risk Communities",At-risk Communities,Improves stress regulation and nervous system balance in veterans with PTSD,Veterans with PTSD,59,6 weeks,,Randomised Controlled Trial,Improved autonomic regulation|Increased vagal tone,Acceptable,"Mathersul et al., 2022",BMC Psychiatry,"Stanford University School of Medicine, Stanford, California, USA",USA,https://pubmed.ncbi.nlm.nih.gov/35428258/,Mathersul-2022-Emotion dysregulation and heart.pdf,Reviewed,⭐⭐⭐⭐⭐
80,MATHERSUL_2023_01,2023,Sudarshan Kriya Yoga (SKY),"MH: Sleep, SH: At-risk Communities",At-risk Communities,Improves sleep and reduces nightmares in veterans with PTSD,Veterans with PTSD,59,6 weeks,,Randomised Controlled Trial,Decreased insomnia|Fewer nightmares|Improved ability to fall and stay asleep,Acceptable,"Mathersul et al., 2023",Depression and Anxiety,"Murdoch University, Murdoch, Western Australia, Australia",Australia,https://onlinelibrary.wiley.com/doi/10.1155/2023/7001667,Mathersul-2023-US Veterans Show Improvements i.pdf,Reviewed,⭐⭐⭐⭐⭐
81,MATHERSUL_2023_01,2023,Sudarshan Kriya Yoga (SKY),"SH: At-risk Communities, MH: Sleep",At-risk Communities,Improves sleep quality and reduces nightmares in veterans with PTSD,Veterans with PTSD,59,6 weeks,,Randomised Controlled Trial,Improved sleep quality|Fewer problems falling or staying asleep|Fewer nightmares,Acceptable,"Mathersul et al., 2023",Depression and Anxiety,"Murdoch University, Murdoch, Western Australia, Australia",Australia,https://onlinelibrary.wiley.com/doi/10.1155/2023/7001667,Mathersul-2023-US Veterans Show Improvements i.pdf,Reviewed,⭐⭐⭐⭐⭐
82,MONY_2024_01,2024,Sudarshan Kriya Yoga (SKY),PH: Genes,General Population,Supports healthy ageing at the cellular level,Healthy Adults,16,4 days,,Pilot Study,↑ 23% increased relative telomere length|Enhanced resistance to cellular ageing through gene activity changes,Acceptable,"Mony et al., 2024",Alternative therapies in health and medicine,"Sri Sri Institute for Advanced Research (SSIAR), Bengaluru, Karnataka, India",India,https://pubmed.ncbi.nlm.nih.gov/39715566/,Mony-2024-Sudarshan Kriya Yoga Promotes Telome.pdf,Reviewed,
83,MONY_2025_01,2025,Sudarshan Kriya Yoga (SKY),PH: Genes,General Population,Rapidly reshapes gene expression linked to brain and immune function,Healthy Adults,16,30 days,,Pilot Study,175 genes differently expressed immediately after SKY (linked to neuronal regeneration and reduced inflammation)|44 genes differently expressed after 30 days (linked to cytoskeletal reorganisation),Acceptable,"Mony et al., 2025","Brain, Behavior and Immunity Integrative","Sri Sri Institute for Advanced Research (SSIAR), Bengaluru, Karnataka, India",India,https://www.cureus.com/articles/379674-a-comprehensive-yogic-breathing-program-evidence-for-use-in-medicine?medium=email&src=email_share&utm_campaign=share&utm_medium=email&utm_source=email_share_mailer#!/,Mony-2025-Transcriptome profiling after Sudars.pdf,Reviewed,⭐⭐⭐⭐⭐
84,MULLA_2014_01,2014,Sudarshan Kriya Yoga (SKY),"PH: Biomarkers, MH: Stress",Professionals,Reduces stress and stress hormone levels in executives,Executives,72,3 months,,Randomised Controlled Trial,↓ 23% decreased cortisol|↓ 44% lowered stress,Acceptable,"Mulla and Vedamuthachar, 2014",Management and Labour Studies,"Tata Institute of Social Sciences, Mumbai, India",India,https://journals.sagepub.com/doi/abs/10.1177/0258042X15578024?journalCode=mlsa,Mulla-2014-Impact of a Sudarshan Kriya-based O.pdf,Reviewed,
85,MURTHY_1997_01,1997,Sudarshan Kriya Yoga (SKY),"MH: Depression, PH: Brain",Patients,Reduces depression and normalizes brain function markers in dysthymia,Dysthymic Patients,30,3 month,,Quasi-Experimental Study,↓ 70% reduced depression severity scores|Normalisation of P300 amplitude reflecting improved brain function,Acceptable,"Murthy et al., 1997",Biological Psychiatry,"National Institute of Mental Health and Neurosciences (NIMHANS), Bengaluru, Karnataka, India",India,https://pubmed.ncbi.nlm.nih.gov/9325569/,Murthy-1997-Normalization of P300 amplitude f1.pdf,Reviewed,
86,MURTHY_1998_01,1998,Sudarshan Kriya Yoga (SKY),"MH: Depression, PH: Brain",Patients,"Reduces depression and improves well-being, even in severe cases",Patients with Dysthymia and Melancholia,30,1 month,,Single-Arm Pre-Post Study,↓ 78% reduced depression severity scores in 73% of patients|Significant improvements in both dysthymia and melancholia|Improved mood and overall wellbeing,Acceptable,"Murthy et al., 1998",Journal of Affective Disorders,"National Institute of Mental Health and Neurosciences (NIMHANS), Bengaluru, Karnataka, India",India,https://pubmed.ncbi.nlm.nih.gov/9716279/,Murthy-1998-P300 amplitude and antidepressant.pdf,Reviewed,
87,NARNOLIA_2014_01,2014,Sudarshan Kriya Yoga (SKY),"PH: Heart, PH: Biomarkers, MH: Anxiety",Patients,,Hypertensive Patients,100,3 months,,Randomised Controlled Trial,↓ 5% reduced systolic BP|↓ 6% reduced diastolic BP|↓ 13% reduced cholesterol|↓ 7% reduced BMI|↓ 90% reduced anxiety,Predatory,"Narnolia et al., 2014",Scholars Journal of Applied Medical Sciences,"Sardar Patel Medical College and Hospitals, Bikaner, Rajasthan, India",India,https://www.saspublishers.com/article/7351/download/,Narnolia-2014-Effect of Sudarshan Kriya Yoga o.pdf,Reviewed,
88,NEWMAN_2020_01,2020,Sudarshan Kriya Yoga (SKY),"SH: Youth & Students, MH: Stress",Youth & Students,"Improves focus, self-esteem, and emotional control in school students",Public School Students,59,5 days,,Single-Arm Pre-Post Study,↓ 19% reduction in distractibility|↑ 8% increase in self-esteem|Improved ability to cope with anger,Acceptable,"Newman et al., 2020",International Journal of Yoga,"International Association for Human Values, Washington, DC, USA",USA,https://pubmed.ncbi.nlm.nih.gov/38605512/,Newman-2020-Gender and Ethnicity_ Are they Ass.pdf,Reviewed,
89,NEWMAN_2024_01,2024,Sudarshan Kriya Yoga (SKY),"SH: Youth & Students, MH: Cognition",Youth & Students,"Improves focus, self-identity, and reduces aggression in students",Eighth Graders,79,3 months,,Randomised Controlled Trial,↑ 11% increased planning and concentration|↑ 9% increased sense of identity|↓ 8% reduced belief in aggression,Acceptable,"Newman et al., 2024",Journal of Adolescence,"International Association for Human Values, Washington, D.C., USA",USA,https://pubmed.ncbi.nlm.nih.gov/38605512/,Newman-2024-Breathing life into social emotion.pdf,Reviewed,⭐⭐⭐⭐⭐
90,PARIMALA_2021_01,2021,Sudarshan Kriya Yoga (SKY),"MH: Anxiety, MH: Happiness",General Population,Reduces anxiety and improves resilience during crises (pandemic context),Adults during COVID-19,956,,,Cross-Sectional Study,82% of practitioners showed no symptoms of anxiety|Practitioners showed overall better mental resilience and emotional well-being,Acceptable,"Parimala and Kanchibhotla, 2021",Asia Pacific Journal of Public Health,"Sri Sri Institute for Advanced Research (SSIAR), Bengaluru, Karnataka, India",India,https://pubmed.ncbi.nlm.nih.gov/33251825/,Parimala-2021-Association Between Yogic Breath.pdf,Reviewed,
91,PARMAR_2014_01,2014,Sudarshan Kriya Yoga (SKY),"PH: Breath / Lungs, PH: Heart",General Population,Improves breathing capacity in healthy adults,Healthy Adults,100,3 months,,Non-Randomised Controlled Trial,↑ 16% increased Peak Expiratory Flow Rate (PEFR),Acceptable,"Parmar et al., 2014",National Journal of Integrated Research in Medicine,"M. P. Shah Government Medical College, Jamnagar, Gujarat, India",India,https://nicpd.ac.in/ojs-/index.php/njirm/article/view/824/710,Parmar-2014-Effect of Sudarshan Kriya (SDK) On.pdf,Reviewed,
92,PATHAK_2024_01,2024,Sudarshan Kriya Yoga (SKY),"PH: Biomarkers, PH: Immunity",General Population,,Vaccinated Adults,222,11 weeks,,Quasi-Experimental Study,↑ 3.5x increase in IgG antibody levels after SKY compared to 3.1x in standard care,Mixed Reputation,"Pathak et al., 2024",Journal of Population Therapeutics & Clinical Pharmacology,"National Institute of Medical Science and Research, NIMS University, Jaipur, Rajasthan, India",India,https://jptcp.com/index.php/jptcp/article/view/4494,Pathak-2024-Effect of Sudarshan Kriya on IgG 1.pdf,Reviewed,
93,PATHANIA_2022_01,2022,Sudarshan Kriya Yoga (SKY),"MH: Sleep, MH: Stress, PH: Heart",Professionals,Improves sleep quality and stress recovery in medical professionals (pandemic context),Medical Professionals during COVID-19 Pandemic,41,4 days,,Single-Arm Pre-Post Study,↑ 35% increase in deep sleep|↑ 29% increase in REM sleep|↑ 16% increase in total sleep duration|↑ 8% increase in light sleep|↓ 5% decrease in resting heart rate|↑ 14% increase in overall heart rate flexibility|↑ 16% boost in relaxation response,Acceptable,"Pathania et al., 2022",Journal of the Association of Physicians of India,"All India Institute of Medical Sciences (AIIMS), Rishikesh, Uttarakhand, India",India,https://europepmc.org/article/med/36082887,Pathania-2022-Effect of 4-day Online Breath Me.pdf,Reviewed,
94,PATIL_2017_01,2017,Sudarshan Kriya Yoga (SKY),SH: Women,Women,Reduces menopausal symptoms and improves emotional wellbeing,Postmenopausal Women,156,1+ years,,Cross-Sectional Study,↓ 86% fewer women reported severe hot flushes|↓ 97% fewer reported severe night sweats|↓ 94% fewer reported severe mood swings and fatigue|↓ 100% of practitioners reported zero severe anxiety or depression,Acceptable,"Patil et al., 2017",Asian Journal of Medical Sciences,"Government Medical College, Gondia, Maharashtra, India",India,https://www.nepjol.info/index.php/AJMS/article/view/17723,Patil-2017-Study of effects of Sudarshan Kriya.pdf,Reviewed,
95,QU_2013_01,2013,Sudarshan Kriya Yoga (SKY),"PH: Genes, PH: Immunity",General Population,Triggers rapid immune-related gene expression changes,Healthy Adults,10,Single SKY Session,,Controlled Crossover Study,"↑ 3x more altered gene expression vs. other relaxation activities (111 vs. 38 genes)|Rapid distinct changes in the expression of genes linked to immune function, cell signalling, and cytoskeletal regulation",Acceptable,"Qu et al., 2013",PLoS One,"University of Oslo, Oslo, Norway",Norway,https://pubmed.ncbi.nlm.nih.gov/28692417/,Qu-2013-Rapid gene expression changes in perip.pdf,Reviewed,⭐⭐⭐⭐⭐
96,RAWAT_2011_01,2011,Sudarshan Kriya Yoga (SKY),"PH: Breath / Lungs, SH: At-risk Communities",At-risk Communities,,Male Smokers,20,6 weeks,,Two-Arm Non-Randomised Pre-Post Study,Significant reduction in smoking habit|Increased motivation to quit tobacco,Mixed Reputation,"Rawat et al., 2011",International Journal of Pharmaceutical Sciences,"Tata Consultancy Services, Noida, Uttar Pradesh, India",India,https://globalresearchonline.net/journalcontents/volume6issue2/Article-007.pdf,Rawat-2011-How Sudharshan Kriya helps to reduc.pdf,Reviewed,
97,ROVNAGHI_2025_01,2025,Sudarshan Kriya Yoga (SKY),"PH: Biomarkers, MH: Stress, SH: Youth & Students",Youth & Students,Reduces stress and improves emotional wellbeing in students,Seventh-Graders,21,10 months,10 months,Single-Arm Pre-Post Study,↓ 23% lowered cortisol at follow-up|↑ 18% higher oxytocin|Fewer poor mental health days,Acceptable,"Rovnaghi et al., 2025",Comprehensive Psychoneuroendocrinology,"Stanford University School of Medicine, Stanford, California, USA",USA,https://pubmed.ncbi.nlm.nih.gov/40125529/,Rovnaghi-2025-Using hair biomarkers to examine.pdf,Reviewed,
98,SAATCIOGLU_2022_01,2022,Sudarshan Kriya Yoga (SKY),"MH: Stress, MH: Cognition",Professionals,Reduces stress and helps frontline healthcare workers work better,Frontline Health Professionals,803,3 days,,Observational Study,↓ 94% reported reduced stress|↑ 92% felt communication improved|↑ 81% felt job performance improved|100% said they would recommend the programme to fellow health professionals,Acceptable,"Saatcioglu et al., 2022",JCO Oncology Practice,"University of Oslo, Oslo, Norway",Norway,https://pubmed.ncbi.nlm.nih.gov/36162039/,Saatcioglu-2022-The Promise of Well-Being Inte.pdf,Reviewed,⭐⭐⭐⭐⭐
99,SAYYED_2010_01,2010,Sudarshan Kriya Yoga (SKY),PH: Breath / Lungs,General Population,,Healthy Adults,55,8 days,,Single-Arm Pre-Post Study,↑ 3.5x increased relative telomere length|Enhanced resistance to cellular ageing through gene activity changes,Predatory,"Sayyed et al., 2010",Al Ameen Journal of Medical Science,"Krishna Institute of Medical Sciences University, Karad, Maharashtra, India",India,https://www.semanticscholar.org/paper/Study-of-lipid-profile-and-pulmonary-functions-in-Sayyed-Patil/055c0492780c212915432a648ca83a1d395e2fad,Sayyed-2010-Study of Lipid Profile and Pulmona.pdf,Reviewed,
100,SEPPALA_2014_01,2014,Sudarshan Kriya Yoga (SKY),"MH: Stress, MH: Anxiety, SH: At-risk Communities",At-risk Communities,Reduces PTSD and anxiety symptoms in veterans with lasting effects,War Veterans with PTSD,21,1 week,1 year,Randomised Controlled Trial,↓ 29% reduction in PTSD symptoms (1 week)|↓ 22% reduction (1 month)|↓ 30% reduction (1 year)|↓ 18% reduction in anxiety (1 year),Acceptable,"Seppälä et al., 2014",Journal of Traumatic Stress,"Stanford University School of Medicine, Stanford, California, USA",USA,https://pubmed.ncbi.nlm.nih.gov/25158633/,Seppala-2014-Breathing-based meditation decrea.pdf,Reviewed,⭐⭐⭐⭐⭐
101,SEPPALA_2020_01,2020,Sudarshan Kriya Yoga (SKY),"SH: Youth & Students, MH: Happiness",Youth & Students,Reduces stress and improves wellbeing in university students,University Students,131,8 weeks,,Randomised Controlled Trial,"Reduced depression and stress|Improved mindfulness, positive feelings, and social connections|SKY could help reduce the need for counselling services, potentially easing the financial burden on universities",Acceptable,"Seppälä et al., 2020",Frontiers in Psychiatry,"Yale University, New Haven, Connecticut, USA",USA,https://pubmed.ncbi.nlm.nih.gov/32760296/,Seppala-2020-Promoting Mental Health and Psych.pdf,Reviewed,⭐⭐⭐⭐⭐
102,SESHADRI_2019_01,2019,Sudarshan Kriya Yoga (SKY),SH: Women,Women,,Women (General),410,Long-term practice,,Single-Arm Pre-Post Study,"↑ 75% improvement in general health|Significant improvements in physical, mental, and emotional well-being",Mixed Reputation,"Seshadri et al., 2019",Journal of Women’s Health and Gynecology,"Sri Sri Institute for Advanced Research (SSIAR), Bengaluru, Karnataka, India","India, UK",https://www.jscholaronline.org/articles/JWHG/Impact-of-a-Low-Cost.pdf,"Seshadri-2019-Impact of a Low Cost, Non-Pharma.pdf",Reviewed,
103,SHARMA_2003_01,2003,Sudarshan Kriya Yoga (SKY),"PH: Biomarkers, MH: Stress",Professionals,Improves antioxidant levels and reduces physical stress in police trainees,Police Trainees,24,5 months,,Quasi-Experimental Study,↑ 4x higher glutathione|↑ 52% higher catalase|↓ 71% lower blood lactate|↑ 2.6x higher superoxide dismutase (SOD),Acceptable,"Sharma et al., 2003",Biological Psychology,"All India Institute of Medical Sciences (AIIMS), New Delhi, Delhi, India",India,https://pubmed.ncbi.nlm.nih.gov/12853172/,Sharma-2003-Sudarshan Kriya practitioners exhi.pdf,Reviewed,
104,SHARMA_2008_01,2008,Sudarshan Kriya Yoga (SKY),"PH: Cancer, PH: Genes",General Population,Enhances cell survival and resistance to oxidative stress,Healthy Adults,84,,,Cross-Sectional Study,↑ Increased activity of genes that support cell survival|↑ Increased lymphocyte longevity|↑ Increased protection against oxidative stress,Acceptable,"Sharma et al., 2008",Journal of Psychosomatic Research,"All India Institute of Medical Sciences (AIIMS), New Delhi, Delhi, India",India,https://pubmed.ncbi.nlm.nih.gov/18222135/,Sharma-2008-Gene expression profiling in pract.pdf,Reviewed,
105,SHARMA_2017_01,2017,Sudarshan Kriya Yoga (SKY),MH: Depression,Patients,Reduces depression symptoms in treatment-resistant patients,Patients with Major Depressive Disorder (MDD),25,8 weeks,,Randomised Controlled Trial,↓ 53% reduced depression symptoms/scores in patients who did not respond to antidepressants,Acceptable,"Sharma et al., 2017",Journal of Clinical Psychiatry,"University of Pennsylvania School of Medicine, Philadelphia, Pennsylvania, USA",USA,https://pubmed.ncbi.nlm.nih.gov/27898207/,Sharma-2017-A Breathing-Based Meditation Inter.pdf,Reviewed,
106,SHARMA_2019_01,2019,Sudarshan Kriya Yoga (SKY),"PH: Brain, MH: Cognition",General Population,Improves brain function and cognitive processing,Healthy Adults,50,3 months,,Randomised Controlled Trial,Improved brain function|Improved cognitive processing,Acceptable,"Sharma et al., 2019",Neuroscience Letters,"University Institute of Engineering and Technology (UIET), Panjab University, Chandigarh, Chandigarh, India",India,https://pubmed.ncbi.nlm.nih.gov/31181300/,Sharma-2019-EEG signal based classification be.pdf,Reviewed,
107,SHIJU_2019_01,2019,Sudarshan Kriya Yoga (SKY),"MH: Anxiety, MH: Depression, PH: Diabetes",Patients,Improves mental health and quality of life in diabetic patients,Type 2 Diabetes (T2D) Patients,26,5 days,,Single-Arm Pre-Post Study,↓ 43% reduced anxiety|↓ 33% reduced depression|↑ 12% improved quality of life,Acceptable,"Shiju et al., 2019",Diabetes & Metabolic Syndrome: Clinical Research and Reviews,"Dasman Diabetes Institute, Kuwait City, Kuwait, Kuwait",Kuwait,https://www.sciencedirect.com/science/article/abs/pii/S1871402119302449?via%3Dihub,Shiju-2019-Effect of Sudarshan Kriya Yoga on a.pdf,Reviewed,
108,SLOAN_2020_01,2020,Sudarshan Kriya Yoga (SKY),MH: Sleep,Practitioners / Meditators,Improves sleep quality with regular practice,Regular Practitioners,385,,,Cross-Sectional Study,77% of daily practitioners reported good sleep quality|Lower frequency of practice associated with higher odds of poor sleep quality,Acceptable,"Sloan and Kanchibhotla, 2020",Sleep and Breathing,"Kagoshima University Graduate School of Medical Sciences, Kagoshima, Japan",Japan,https://link.springer.com/article/10.1007/s11325-020-02240-9,Sloan-2020-The association of Sudarshan Kriya.pdf,Reviewed,⭐⭐⭐⭐⭐
109,SLOAN_2021_01,2021,Sudarshan Kriya Yoga (SKY),"MH: Stress, MH: Happiness",Professionals,Supports healthier lifestyle habits in professionals,Working Adults,531,5 months,,Cross-Sectional Study,76% of daily practitioners had ≥4 healthy lifestyle habits vs. 41% in non-practitioners|42% of daily practitioners had ≥5 healthy habits vs. 17% in non-practitioners|Daily SKY practitioners were nearly twice as likely to lead a healthy lifestyle,Acceptable,"Sloan and Kanchibhotla, 2021",The Journal of Alternative and Complementary Medicine,"Kagoshima University Graduate School of Medical Sciences, Kagoshima, Japan",Japan,https://journals.sagepub.com/doi/abs/10.1089/acm.2021.0035?cf-mal-redirected=true&download=true&journalCode=acm,Sloan-2021-Association Between Sudarshan Kriya.pdf,Reviewed,⭐⭐⭐⭐⭐
110,SLOAN_2023_01,2023,Sudarshan Kriya Yoga (SKY),MH: Happiness,General Population,Increases happiness in adults with regular practice,Adults in Singapore,733,,,Observational Study,2-fold higher likelihood of being happier for daily SKY practitioners,Acceptable,"Sloan and Kanchibhotla, 2023",Alternative Therapies in Health and Medicine,"Kagoshima University Graduate School of Medical Sciences, Kagoshima, Japan",Japan,https://pubmed.ncbi.nlm.nih.gov/34097652/,Sloan-2023-The Association of Sudarshan Kriya.pdf,Reviewed,⭐⭐⭐⭐⭐
111,SOMWANSHI_2013_01,2013,Sudarshan Kriya Yoga (SKY),PH: Heart,General Population,,Healthy Adults,30,12 weeks,,Single-Arm Pre-Post Study,Normalised blood pressure|Reduced resting heart rate|Boosted overall heart health,Mixed Reputation,"Somwanshi et al., 2013",International Journal of Recent Trends in Science And Technology,"MIMSR Medical College, Latur, Maharashtra, India",India,https://www.statperson.com/Journal/ScienceAndTechnology/Article/Volume8Issue1/8_1_17.pdf,Somwanshi-2013-Effect of Sudarshankriya Yoga o.pdf,Reviewed,
112,SUBRAMANIAN_2012_01,2012,Sudarshan Kriya Yoga (SKY),"PH: Biomarkers, MH: Stress, SH: Youth & Students",Youth & Students,Reduces cholesterol and stress in engineering students,Engineering Students,43,6 weeks,,Randomised Controlled Trial,↓ 13% decreased cholesterol|↓ 37% reduced VLDL|Lowered stress (protected against exam-related changes),Acceptable,"Subramanian et al., 2012",International Journal of Yoga,"SRM Medical College Hospital and Research Centre, Kattankulathur, Tamil Nadu, India",India,https://journals.lww.com/ijoy/fulltext/2012/05010/role_of_sudarshan_kriya_and_pranayam_on_lipid.5.aspx,Subramanian-2012-Role of sudarshan kriya and p.pdf,Reviewed,
113,SUBRAMANIAN_2025_01,2025,Sudarshan Kriya Yoga (SKY),"SH: Youth & Students, MH: Happiness",Youth & Students,Improves wellbeing and cognitive performance in adolescents,Adolescents,275,4 days,,Single-Arm Pre-Post Study,↑ 86% showed increased mental well-being|↑ 71% showed improved cognitive performance|↑ 95% demonstrated enhanced emotional well-being at day 40,Acceptable,"Subramanian et al., 2025",Clinical Child Psychology and Psychiatry,"Sri Sri Institute for Advanced Research (SSIAR), Bengaluru, Karnataka, India",India,https://pubmed.ncbi.nlm.nih.gov/39829376/,Subramanian-2025-Effect of yogic breathing pra.pdf,Reviewed,
114,SULEKHA_2006_01,2006,Sudarshan Kriya Yoga (SKY),MH: Sleep,Practitioners / Meditators,Increases deep sleep duration in long-term male practitioners,Healthy Males,67,5+ years,,Cross-Sectional Study,↑ 3x increased deep sleep duration in middle-aged adult practitioners,Acceptable,"Sulekha et al., 2006",Sleep and Biological Rhythms,"National Institute of Mental Health and Neuro Sciences (NIMHANS), Bengaluru, Karnataka, India",India,https://onlinelibrary.wiley.com/doi/abs/10.1111/j.1479-8425.2006.00233.x,Sulekha-2006-Evaluation of sleep architecture.pdf,Reviewed,
115,SUREKA_2014_01,2014,Sudarshan Kriya Yoga (SKY),"MH: Anxiety, MH: Depression, SH: At-risk Communities",At-risk Communities,Reduces anxiety and improves wellbeing in prisoners,Male Prisoners,230,6 weeks,,Randomised Controlled Trial,↓ 50% reduction in anxiety symptoms|↑ 22% improvement in depression symptoms|↑ 36% improvement in total psychological well-being,Acceptable,"Sureka et al., 2014",Asian Journal of Psychiatry,"Hands for Help Clinic, Ghaziabad, Uttar Pradesh, India",India,https://pubmed.ncbi.nlm.nih.gov/25440560/,Sureka-2014-Effect of Sudarshan Kriya on male.pdf,Reviewed,
116,SWAIN_2021_01,2021,Sudarshan Kriya Yoga (SKY),SH: Women,Women,Reduces menopausal symptoms and improves antioxidant levels,Menopausal Women (aged 40 - 50),65,1 year,,Randomised Controlled Trial,"↓ 15% decreased hot flushes and night sweats|↓ 13% decreased psychosocial symptoms (anxiety, depression, memory)|↑ 72% increased antioxidant SOD|↑ 21% increased GPx",Acceptable,"Swain et al., 2021",Journal of Obstetrics and Gynaecology Research,"All India Institute of Medical Sciences (AIIMS) Bhubaneswar, Bhubaneswar, Odisha, India",India,https://pubmed.ncbi.nlm.nih.gov/34254406/,Swain-2021-Impact of yoga intervention on meno.pdf,Reviewed,
117,TOSCHI-DIAS_2017_01,2017,Sudarshan Kriya Yoga (SKY),"MH: Anxiety, MH: Depression, PH: Vagus Nerve",Patients,"Reduces anxiety, depression, and distress in affected patients",Anxiety-Depression Patients,46,15 days,,Non-Randomised Controlled Trial,↓ 33% reduced anxiety symptoms|↓ 31% reduced depression symptoms|↓ 57% lowered psychological distress|Improved sympathovagal balance,Acceptable,"Toschi-Dias et al., 2017",Journal of Affective Disorders,"University of Milan, Milan, Italy",Italy,https://pubmed.ncbi.nlm.nih.gov/28285240/,Toschi-Dias-2017-Sudarshan Kriya Yoga improves.pdf,Reviewed,
118,TRIPATHI_2025_01,2025,Sudarshan Kriya Yoga (SKY),"PH: Brain, MH: Anxiety, MH: Depression",General Population,"Induces a deeply restful, wakeful brain state in practitioners",Long-Term Practitioners,43,Single SKY Session,,Two-Arm Non-Randomised Pre-Post Study,Rhythmic breathing accentuates theta rhythms|Facilitates transition to “restful awareness” state (Turiya) unlike sleep,Acceptable,"Tripathi et al., 2025",Nature Partner Journals — Mental Health Research,"Harvard University, Cambridge, Massachusetts, USA",USA,https://www.nature.com/articles/s44184-025-00156-4,Tripathi-2025-Unlocking deep relaxation_ the p.pdf,Reviewed,⭐⭐⭐⭐⭐
119,UNUDURTHI_2023_01,2023,Sudarshan Kriya Yoga (SKY),"SH: At-risk Communities, MH: Depression",At-risk Communities,Reduces cravings and improves wellbeing in opioid users,Opioid Users,8,1 month,,Quasi-Experimental Study,Reduced substance use cravings|Reduced depression symptoms|Improved physical functioning and emotional well-being,Acceptable,"Unudurthi et al., 2023",Journal of psychosocial nursing and mental health services,"Masonic Medical Research Institute, Utica, New York, USA",USA,https://pubmed.ncbi.nlm.nih.gov/36989479/,Unudurthi-2023-Sudarshan Kriya Meditation Redu.pdf,Reviewed,
120,VANGALA_2000_01,2000,Sudarshan Kriya Yoga (SKY),"MH: Happiness, MH: Depression",Patients,Greatly reduces depression and anxiety in patients,Patients with Major Depressive Disorder (MDD),30,4 weeks,,Randomised Controlled Trial,↓ 66% reduced depression|↓ 74% reduced anxiety,Acceptable,"Vangala et al., 2000",NIMHANS Journal,"National Institute of Mental Health and Neurosciences (NIMHANS), Bengaluru, Karnataka, India",India,https://psycnet.apa.org/record/2002-12746-004,Rohini-2000-A comparative Study of fulll.pdf,Reviewed,
121,VASUDEV_2020_01,2020,Sudarshan Kriya Yoga (SKY),"MH: Anxiety, SH: At-risk Communities, MH: Stress",At-risk Communities,"Reduces PTSD, anxiety, and depression symptoms in patients",Patients with PTSD,19,24 weeks,,Single-Arm Pre-Post Study,↓ 29% reduced depression|↓ 27% reduced anxiety|↓ 36% reduced PTSD symptoms,Acceptable,"Vasudev et al., 2020",International Journal of Yoga,"Western University, London, Ontario, Canada",Canada,https://journals.lww.com/ijoy/fulltext/2020/13030/sudarshan_kriya_yoga_program_in_posttraumatic.11.aspx,Vasudev-2020-Sudarshan Kriya Yoga program in p.pdf,Reviewed,
122,VEDAMURTHACHAR_2006_01,2006,Sudarshan Kriya Yoga (SKY),"MH: Stress, MH: Depression, PH: Biomarkers",Patients,Reduces stress and depression in alcohol-dependent individuals,Alcohol-Dependent Individuals,60,2 weeks,,Randomised Controlled Trial,↓ 57% drop in cortisol|↓ 33% reduced ACTH|↓ 76% reduction in depression scores,Acceptable,"Vedamurthachar et al., 2006",Journal of Affective Disorders,"National Institute of Mental Health and Neurosciences (NIMHANS), Bengaluru, Karnataka, India",India,https://pubmed.ncbi.nlm.nih.gov/16740317/,Vedamurthachar-2006-Antidepressant efficacy an.pdf,Reviewed,⭐⭐⭐⭐⭐
123,VERMA_2022_01,2022,Sudarshan Kriya Yoga (SKY),"PH: Diabetes, PH: Biomarkers",Patients,Lowers blood sugar in diabetic patients,T2D Patients,84,7 days,,Single Arm Observational Study,↓ 24% reduced blood sugar,Acceptable,"Verma et al., 2022",Cureus,"Sri Sri Institute for Advanced Research (SSIAR), Bengaluru, Karnataka, India",India,https://pubmed.ncbi.nlm.nih.gov/36120271/,Verma-2022-An Observational Study on the Effec.pdf,Reviewed,
124,WARNER_2012_01,2012,Sudarshan Kriya Yoga (SKY),"PH: Cancer, SH: Women","Patients, Women",Improves emotional wellbeing and self-esteem in breast cancer,Breast Cancer Patients,12,5 weeks,,Qualitative Study,↑ Increased emotional well-being and body image|↑ Increased self-esteem and empowerment|↑ Increased life appreciation and spiritual connection,Acceptable,"Warner and Wall, 2012",Psychology of Cancer,"Institute of Transpersonal Psychology, Palo Alto, California, USA",USA,https://www.novapublishers.com/wp-content/uploads/2019/12/978-1-62257-364-6_ch2.pdf,Warner-2012-Exploration of psychological and s.pdf,Reviewed,
125,YADAV_2021_01,2021,Sudarshan Kriya Yoga (SKY),"SH: At-risk Communities, MH: Stress",At-risk Communities,Supports recovery in alcohol-dependent men,Male Alcohol Dependent Patients,80,6 months,,Randomised Controlled Trial,↓ 39% drop in harmful drinking behaviour|↑ 14% improvement in well-being symptoms (in 6 days)|23% of patients reported zero alcohol use at 6-month follow-up,Acceptable,"Yadav et al., 2021",Industrial psychiatry journal,"Armed Forces Medical College, Pune, Maharashtra, India",India,https://pubmed.ncbi.nlm.nih.gov/35017822/,Yadav-2021-Impact of breathing and relaxation.pdf,Reviewed,
126,ARCHANA_2026_01,2026,"Sudarshan Kriya Yoga (SKY), Sahaj Samadhi Meditation (SSM)","PH: Gut Health, MH: Anxiety",Patients,Integrative Breathwork (SKY + Meditation) resets IBS symptoms with persistent practice,21-year-old with Irritable Bowel Syndrome,1,9 months,,Single Case Study,↑ ~80% formed stools (marked improvement in consistency)|↓ Reduced clinical anxiety and IBS-related symptoms,Acceptable,"Archana et al., 2026",Advances in Mind-Body Medicine,"Sri Ramachandra Institute of Higher Education and Research, Chennai, Tamil Nadu, India",India,https://pubmed.ncbi.nlm.nih.gov/41805561/,Archana_2026_IBSpaper.pdf,Reviewed,
127,TOLSTOVA_2026_01,2026,Sudarshan Kriya Yoga (SKY),"MH: Stress, MH: Anxiety, MH: Depression, MH: Sleep, SH: At-risk Communities",At-risk Communities,"Reduces PTSD, anxiety, and depression symptoms, improves sleep and resilience",Military personnel (assault troops) undergoing basic training,50,8 weeks,,Two-Arm Pre-Post Study,↓ 43% reduction in anxiety|↓ 41% reduction in depression|↓ 42% reduction in PTSD symptoms|↑ 78% increase in subjective calmness and inner balance|↑ 82% reported improved sleep quality,Acceptable,"Tolstova and Afanasieva, 2026",Scientific Journal of the National Academy of Internal Affairs,"Simon Kuznets Kharkiv National University of Economics, Kharkiv, Ukraine",Ukraine,https://lawscience.com.ua/web/uploads/pdf/Scientific%20Journal%20of%20the%20National%20Academy%20of%20Internal%20Affairs_31_1_2026_94-103.pdf,Tolstova-2026-Influence of stress factors on t.pdf,Reviewed,
128,SHEKHALIYA_2026_01,2026,"Sudarshan Kriya Yoga (SKY), Ayurveda","PH: Brain, MH: Stress, MH: Sleep, PH: Eye",Patients,Improved visual acuity and retinal recovery in CSCR with no recurrence during follow-up,One Male patient with Central Serous Chorioretinopathy (CSCR) and pigment epithelial detachment,1,8 months,6 months,Single Case Study,"↑ Vision returned to normal in the affected eye|↓ ~52% reduction in retinal swelling and fluid buildup|Eye scans showed complete clearing of retinal fluid|Blurry vision, floaters, and visual distortions disappeared|No recurrence of symptoms for 6 months",Acceptable,"Shekhaliya et al., 2026",Journal of Ayurveda Case Reports,"All India Institute of Ayurveda, New Delhi, Delhi, India",India,https://www.ovid.com/jnls/jacr/fulltext/10.4103/jacr.jacr_94_25~ayurvedic-management-of-central-serous-chorioretinopathy,Shekhaliya-2026-Ayurvedic management of Centra.pdf,Reviewed,
129,KANCHIBHOTLA_2019_01,2019,Sahaj Samadhi Meditation (SSM),"MH: Stress, MH: Sleep",General Population,"SSM mitigates stress, improves sleep",Healthy Adults,52,2 months,"Baseline, Day 16, Day 60",Single-Arm Pre-Post Study,↓ 19% reduced perceived stress|Improved sleep quality,Predatory,"Kanchibhotla et al., 2019",International Journal of Scientific Research and Reviews,"Sri Sri Institute for Advanced Research (SSIAR), Bengaluru, Karnataka, India",India,https://www.semanticscholar.org/paper/Effect-of-Automatic-Self-Transcending-Meditation-on-Divya-Shashank/adbfb327f9c1a7ce6ac26649319d94aae7151a2b,Kanchibhotla-2019-Effect of Automatic Self Tra.pdf,Reviewed,
130,Malvankar-Mehta_2023_01,2023,Sahaj Samadhi Meditation (SSM),"MH: Anxiety, MH: Depression, MH: Sleep",Patients,SSM improves emotional well-being and sleep in glaucoma patients,Glaucoma Patients,28,24 weeks,"Baseline, Week 24",Pilot Study,Reduced depressive symptoms|Reduced anxiety symptoms|Improved sleep quality,Acceptable,"Malvankar-Mehta et al., 2023",ARVO Annual Meeting Abstract,"Western University, London, Ontario, Canada",Canada,https://iovs.arvojournals.org/article.aspx?articleid=2785980,Malvankar-Mehtka_2023_Sahaj_Abstract.pdf,Reviewed,
131,Pandya_2015_01,2015,"Sudarshan Kriya Yoga (SKY), Sahaj Samadhi Meditation (SSM), Advanced Meditation Programme (AMP)","MH: Stress, MH: Happiness",General Population,"Regular SKY practice linked to greater peace of mind, well-being, and mental Ffocus",General Population,1099,,,Observational Study,Reduced perceived stress|Improved overall well-being|Greater optimism|Improved mental clarity,Acceptable,"Pandya, 2015",Practice: Social Work in Action,"Tata Institute of Social Sciences, Mumbai, India",India,https://www.tandfonline.com/doi/abs/10.1080/09503153.2015.1053856,Pandya-2015-Sudarshan Kriya of the Art of Livi.pdf,Reviewed,
132,Srinivasan_2019,2019,Sahaj Samadhi Meditation (SSM),MH: Cognition,Practitioners / Meditators,SSM practitioners maintain focus better during high-attention tasks,Practitioners,34,3+ years ,,Cross-Sectional Study,"Practitioners experienced time as passing more slowly during attention-demanding, difficult tasks compared to non-practitioners|Findings suggest improved focus during challenging tasks",Acceptable,"Singh and Srinivasan, 2019",PsyCh Journal,"University of Allahabad, Allahabad, Uttar Pradesh, India",India,https://pubmed.ncbi.nlm.nih.gov/30788909/,Singh_2019_Conc_SAHAJ.pdf,Reviewed,
133,Srinivasan_2010,2010,Sahaj Samadhi Meditation (SSM),"PH: Brain, MH: Cognition",Practitioners / Meditators,"SSM leads to a deep state of relaxed, alert focus ",Practitioners,20,3+ years ,,Cross-Sectional Study,Increased theta power in frontal brain areas - enhanced focus and attentional control|Decreased theta power in parietal-occipital areas - reduced processing of space and time|Higher frontal theta coherence - enhanced neural connectivity and attentional stability,Acceptable,"Baijal and Srinivasan, 2010",Cognitive Processing,"University of Allahabad, Allahabad, Uttar Pradesh, India",India,https://pubmed.ncbi.nlm.nih.gov/19626355/,Baijal_2010_SAHAJ_Conc.pdf,Reviewed,
134,Cheng_2025,2025,Sahaj Samadhi Meditation (SSM),MH: Depression,Patients,"SSM can reduce depressive symptoms in people with chronic pain
",Adults with Chronic Pain and Moderate Depression,89,24 weeks,,Randomised Controlled Trial,↓ 25% Reduced depressive symptoms at 12 weeks|↓ 30% Reduced depressive symptoms at 24 weeks,Acceptable,"Cheng et al., 2025",Journal of Pain Research,"University of Toronto, Toronto, Ontario, Canada",Canada,https://www.dovepress.com/article/download/103868,"Cheng-2025-A Multi-Site, Randomized, Parallel-.pdf",Reviewed,
135,Kanchibhotla_2021_01,2021,Advanced Meditation Programme (AMP),"MH: Cognition, MH: Happiness",Youth & Students,AMP enhances cognition and well-being in teenagers,Teenagers,303,4 Days,"Baseline, Post, Day 40",Single-Arm Pre-Post Study,↑ 32% improved cognitive accuracy|↑ 18% improved mental well-being|Decreased emotional difficulties and hyperactivity,Mixed Reputation,"Kanchibhotla et al., 2021",Adolescent Psychiatry,"Sri Sri Institute for Advanced Research (SSIAR), Bengaluru, Karnataka, India",India,https://www.eurekaselect.com/article/114071,Kanchibhotla-2021-Improvement in Cognitive Abi.pdf,Reviewed,
136,Kanchibhotla_2021_02,2021,Advanced Meditation Programme (AMP),MH: Sleep,General Population,AMP improves sleep quality in adults,Adults,413,4 Days,"Baseline, Post, Day 40",Single-Arm Pre-Post Study,↑ 29% sustained improvement in sleep quality|↑ 11% increased sleep duration|Benefits maintained after 40 days,Acceptable,"Kanchibhotla et al., 2021",Sleep and Vigilance,"Sri Sri Institute for Advanced Research (SSIAR), Bengaluru, Karnataka, India",India,https://link.springer.com/article/10.1007/s41782-021-00162-4,Kanchibhotla-2021-AMP and Sleep Qualit.pdf,Reviewed,
137,Sharma_2017_01,2017,Advanced Meditation Programme (AMP),"MH: Stress, PH: Heart",Youth & Students,AMP reduces stress and supports heart health in young adults,Young Adults,30,4 Days,"Baseline, Post Program",Quasi-Experimental Study,↓ 7% reduced heart rate|↓ 40% reduced stress|Improved cardiovascular indicators,Acceptable,"Sharma et al., 2017",Heart India,"SMS Medical College, Jaipur, Rajasthan, India",India,https://journals.lww.com/htin/fulltext/2017/05040/effect_of_advance_meditation_program_on.4.aspx#,Sharma-2017-Effect of advance meditation progr.pdf,Reviewed,
138,Bhanushali_2020_01,2020,Advanced Meditation Programme (AMP),"MH: Anxiety, PH: Breath & Lungs",Practitioners / Meditators,AMP reduces anxiety and aids high-altitude adaptation,Adults at High Altitude,46,4 Days,"Baseline, Post Program",Single-Arm Pre-Post Study,↓ 20% reduced anxiety|↑ 4% increased mental well-being|Improved oxygenation and glucose levels,Acceptable,"Bhanushali et al., 2020",Brain and Behavior,"Sri Sri Institute for Advanced Research (SSIAR), Bengaluru, Karnataka, India",India,https://onlinelibrary.wiley.com/doi/10.1002/brb3.1604,Bhanushali-2020-Effect of mindfulness meditati.pdf,Reviewed,
139,Gupta_2022_01,2022,"Advanced Meditation Programme (AMP), Sudarshan Kriya Yoga (SKY)","MH: Happiness, PH: Breath & Lungs",Practitioners / Meditators,AMP improves acclimatisation in high-altitude travelers,Adults at High Altitude,53,4 Days,"Baseline, Post Program",Two-Arm Pre-Post Study,↓ 66% improvement in acute mountain sickness symptoms|Improved happiness and well-being|Enhanced high-altitude adaptation,Acceptable,"Gupta et al., 2022",Annals of Neurosciences,"Swami Vivekananda Yoga Anusandhan Samsthan (SVYASA), Bengaluru, Karnataka, India",India,https://journals.sagepub.com/doi/10.1177/09727531221117637,Gupta-2022-Positive Psychological Changes at H.pdf,Reviewed,
140,Vedamurthachar_2011_01,2011,Advanced Meditation Programme (AMP),"PH: Diabetes, PH: Biomarkers",Patients,AMP improves metabolic health in diabetes patients,Type 2 Diabetes Patients,50,6 Days,"Baseline, Day 6",Single-Arm Pre-Post Study,↓ 9% reduced cholesterol|↑ 35% increased HDL|↓ 13% reduced cortisol|↑ 15% increased prolactin,Predatory,"Vedamurthachar et al., 2011",Research Journal of Chemical Sciences,"Ved Vignan Maha Vidya Peeth, Bengaluru, Karnataka, India",India,https://www.isca.in/rjcs/Archives/v1/i9/14.ISCA-RJCS-2011-205.pdf,Vedamurthachar-2011-Short Term Effect of Sudar.pdf,Reviewed,
141,Bhaskar_2023_01,2023,"Advanced Meditation Programme (AMP), Sudarshan Kriya Yoga (SKY)","PH: Immunity, PH: Genes",General Population,AMP enhances immune resilience in meditators,Healthy Adults,97,4 Days,"Day 0, Day 5, Day 90",Two-Arm Non-Randomised Pre-Post Study,93% reduced IL-1β|82% reduced TNF-α|Enhanced antioxidant gene expression,Acceptable,"Bhaskar et al., 2023",Cureus,"National Institute of Mental Health and Neurosciences (NIMHANS), Bengaluru, Karnataka, India",India,https://www.cureus.com/articles/163901-effects-of-sudarshan-kriyayoga-and-advanced-meditation-program-on-genetic-expression-of-pro-inflammatory-and-antioxidants-genes,Bhaskar-2023-Effects of Sudarshan KriyaYoga an.pdf,Reviewed,
142,Kanchibhotla_2019_01,2019,Intuition Process (IP),"MH: Cognition, MH: Intuition",Youth & Students,IP enhances cognitive processing in children,Children,233,40 Days,"Baseline, Day 40",Single-Arm Pre-Post Study,"15% of children achieved over 80% accuracy in computer tests under blindfold conditions|30–35% of children achieved over 80% accuracy in paper-pencil tests under blindfold conditions|Response times improved in computer-based tasks, indicating enhanced cognitive processing",Predatory,"Kanchibhotla et al., 2019",International Journal of Current Advanced Research,"Sri Sri Institute for Advanced Research (SSIAR), Bengaluru, Karnataka, India",India,[Published Study URL],Kanchibhotla-2019-Intuition Program_ A Unique.pdf,Reviewed,
143,Kanchibhotla_2021_01,2021,Intuition Process (IP),MH: Cognition,"Youth & Students, At-risk Communities",IP enhances memory and cognition in visually impaired children,Visually Impaired Children,113,2 Days,"Day 0, Day 2",Single-Arm Pre-Post Study,↑ 41% increased short-term memory|↑ 37% increased long-term memory|Improved cognitive abilities in both boys and girls,Predatory,"Kanchibhotla et al., 2021",Annals of Yoga and Physical Therapy,"Sri Sri Institute for Advanced Research (SSIAR), Bengaluru, Karnataka, India",India,https://austinpublishinggroup.com/yoga-physical-therapy/fulltext/aypt-v5-id1046.php,Kanchibhotla-2021-Enhancement of the Cognitive.pdf,Reviewed,
144,Kanchibhotla_2022_01,2022,Intuition Process (IP),MH: Cognition,"Youth & Students, At-risk Communities",IP enhances cognition and memory in visually impaired adolescents,Visually Impaired Adolescents,273,40 Days,"Baseline, Day 2, Day 40",Single-Arm Pre-Post Study,Significant improvement in recognition scores|Notable enhancement in immediate recall|Long-term memory improved after 40 days of continued practice,Acceptable,"Kanchibhotla et al., 2022",Explore,"Sri Sri Institute for Advanced Research (SSIAR), Bengaluru, Karnataka, India",India,https://pubmed.ncbi.nlm.nih.gov/34301513/,Kanchibhotla-2022-Impact of Prajna yoga on cog.pdf,Reviewed,
145,Sharma_2025_01,2025,Intuition Process (IP),"PH: Brain, MH: Cognition","Youth & Students, At-risk Communities",IP enhances hearing and cognition in hearing-impaired children,Children with Congenital Hearing Impairment,304,2 Days,"Baseline, Day 3, Day 15, Day 30",Quasi-Experimental Study,"10–15 dB improved hearing thresholds|91.5% improved hearing in at least one ear|Improved concentration, emotional well-being, and social connectedness",Acceptable,"Sharma et al., 2025",Brain Behavior and Immunity Integrative,"Sri Sri Institute for Advanced Research (SSIAR), Bengaluru, Karnataka, India",India,https://www.sciencedirect.com/science/article/pii/S2949834125000297,Sharma-2025-.Enhancement of hearing capabilitypdf.pdf,Reviewed,
146,Ahuja_2024_01,2024,Yoga,PH: Heart,Patients,Yoga Nidra reduces blood pressure in hypertension,Adults with Hypertension,482,Meta-analysis of 8 Studies,Across Included Studies,Systematic Review and Meta Analysis,↓ 12 mm Hg reduced systolic blood pressure|↓ 6 mm Hg reduced diastolic blood pressure|Supports cardiovascular health and stress reduction,Acceptable,"Ahuja et al., 2024",Journal of Ayurveda and Integrative Medicine,"All India Institute of Medical Sciences (AIIMS), Rishikesh, Uttarakhand, India",India,https://pubmed.ncbi.nlm.nih.gov/38484438/,Ahuja-2024-Yoga Nidra for hypertension_ A syst.pdf,Reviewed,
147,Ahuja_2025_01,2025,Yoga,"PH: Heart, PH: Biomarkers",Patients,Yoga Nidra rapidly lowers blood pressure in hypertension,Adults with Hypertension,32,Single Session (16 Minutes),"Baseline, Post Session",Single-Arm Pre-Post Study,↓ 6% decreased systolic blood pressure|↓ 6% decreased diastolic blood pressure|Increased HRV indicating improved autonomic balance,Acceptable,"Ahuja et al., 2025",Cureus,"All India Institute of Medical Sciences (AIIMS), Rishikesh, Uttarakhand, India",India,https://doi.org/10.7759/cureus.77717,Ahuja-2025-The Effect of Yoga Nidra Interventi.pdf,Reviewed,
148,Fialoke_2024_01,2024,Yoga,MH: Cognition,Practitioners / Meditators,Yoga Nidra enhances self-regulation in meditators,Experienced Meditators and Novices,52,20 Minutes,"Baseline Resting State, Yoga Nidra, Post Resting State",Cross-Sectional Study,Reduced mind-wandering during Yoga Nidra|Increased variable neural responses - a sign of complex cognition,Acceptable,"Fialoke et al., 2024",Scientific Reports,"Indian Institute of Technology Delhi (IIT Delhi), India",India,https://www.nature.com/articles/s41598-024-63765-7,Fialoke-2024-Functional connectivity changes i.pdf,Reviewed,⭐⭐⭐⭐⭐
149,PandiPerumal_2022_01,2022,Yoga,"PH: Biomarkers, MH: Anxiety, MH: Depression, MH: Cognition",General Population,Yoga Nidra supports physical and mental well-being in adults,Adults,Multiple Studies,Narrative Review,Not Applicable,Review,Increased blood cell counts and improved glucose regulation|Enhanced dopamine release and cerebral blood flow|Reduced mild anxiety and depression|Increased creativity and learning abilities,Acceptable,"Pandi-Perumal et al., 2022",Sleep and Vigilance,"Somnogen Canada Inc., Toronto, Ontario, Canada",Canada,https://doi.org/10.1007/s41782-022-00202-7,Pandi-Perumal-2022-The Origin and Clinical Rel.pdf,Reviewed,
150,Bodi_2022_01,2022,Yoga,PH: Breath & Lungs,Practitioners / Meditators,Bhogar Pranayama improves lung function in long-term practitioners,Long-Term Practitioners,80,8 Days,"Baseline, Day 8",Single-Arm Pre-Post Study,↑ 3% increased Forced Expiratory Volume in one second (FEV1)|↑ 6% increased Forced Vital Capacity (FVC)|↑ 8% increased Peak Expiratory Flow Rate (PEFR)|↑ 74% greater improvement in FVC among more experienced practitioners,Mixed Reputation,"Bodi et al., 2022",EC Pulmonology and Respiratory Medicine,"Cleveland Clinic Abu Dhabi, Abu Dhabi, United Arab Emirates",UAE,https://www.researchgate.net/publication/372252053_Influence_of_a_Novel_Nostril_Breathing_Technique_on_Lung_Function_among_Experienced_Practitioners_of_Yogic_Breathing,Bodi-2022-Influence of a Novel Nostril Breathi.pdf,Reviewed,
151,Kanchibhotla_2023_01,2023,Yoga,"MH: Stress, SH: Women",Women,Yoga reduces menstrual pain in women,Women with Dysmenorrhea,Multiple Studies,Multiple Durations Across Studies,Across Included Studies,Review,"Reduced menstrual pain through yoga postures, breathing techniques and Yoga Nidra|Reduced stress levels contributing to better pain management|Improved pain tolerance during menstruation|Supports regulation of stress-related hormonal pathways",Acceptable,"Kanchibhotla et al., 2023",Frontiers in Pain Research,"Sri Sri Institute for Advanced Research (SSIAR), Bengaluru, Karnataka, India",India,https://doi.org/10.3389/fpain.2023.1107669,Kanchibhotla-2023-Management of dysmenorrhea t.pdf,Reviewed,
152,Subramanian_2022_01,2022,Yoga,"MH: Stress, MH: Anxiety, MH: Depression, MH: Sleep, PH: Immunity",General Population,Yoga supports mental well-being during crises,Adults,Multiple Studies,Multiple Durations Across Studies,Across Included Studies,Review,"Increased emotional resilience during stress and uncertainty|Reduced stress, anxiety, depression and insomnia|Improved immune function and nervous system regulation|Supported psychological well-being during pandemic conditions",Acceptable,"Subramanian et al., 2022",International Journal of Yoga,"National Institute of Mental Health and Neurosciences (NIMHANS), Bengaluru, Karnataka, India",India,https://www.ijoy.org.in/article.asp?issn=0973-6131;year=2022;volume=15;issue=3;spage=184;epage=191;aulast=Subramanian,Subramanian-2022-Efficacy of Yoga in Coping wi.pdf,Reviewed,
153,Kanchibhotla_2019_01,2019,Yoga,MH: Happiness,General Population,Yoga is widely recognized but under-practiced in India,Indian Population,5500,Not Applicable,Single Assessment,Cross-Sectional Study,96% of participants were aware of yoga|47% actively practiced yoga|95% of practitioners believed yoga is beneficial|94% of non-practitioners agreed yoga is beneficial,Predatory,"Kanchibhotla and Rau, 2019",International Journal of Current Advanced Research,"Sri Sri Institute for Advanced Research (SSIAR), Bengaluru, Karnataka, India",India,http://dx.doi.org/10.24327/ijcar.2019.20323.3966,Kanchibhotla-2019-Yoga in India_ A study on pe.pdf,Reviewed,
154,Subramanian_2026_01,2026,Yoga,"MH: Happiness, MH: Cognition, MH: Stress, MH: Sleep",Youth & Students,Yoga improves well-being and cognition in teenagers,Teenagers,425,Not Applicable,Single Assessment,Cross-Sectional Study,Improved positive affect and emotional well-being|Improved global health and cognitive health outcomes|Improved lifestyle choices and decision-making behaviours,Acceptable,"Subramanian et al., 2026",Clinical Child Psychology and Psychiatry,"Sri Sri Institute for Advanced Research (SSIAR), Bengaluru, Karnataka, India",India,https://journals.sagepub.com/doi/10.1177/13591045261446334,Subramanian-2026-Can Yoga and Meditation Practice M.pdf,Reviewed,
155,Kanchibhotla_2022_01,2022,Ayurveda,PH: Immunity,Preclinical Research,NAOQ19 demonstrates antiviral activity against SARS-CoV-2,SARS-CoV-2 Infected Vero E6 Cells,Not Applicable,In vitro Cell Culture Assay,72 Hours,In vitro Study,↓ 100% viral elimination at 0.9 mg/ml concentration|Potent antiviral activity against SARS-CoV-2 in cell-based models,Acceptable,"Kanchibhotla et al., 2022",Journal of Ayurveda and Integrative Medicine,"Sri Sri Institute for Advanced Research (SSIAR), Bengaluru, Karnataka, India",India,https://pubmed.ncbi.nlm.nih.gov/35753154/,Kanchibhotla-2022-An In-vitro evaluation of a.pdf,Reviewed,
156,Kanchibhotla_2023_01,2023,Ayurveda,PH: Immunity,Patients,NAOQ19 accelerates COVID-19 recovery in patients,Mild or Asymptomatic COVID-19 Patients,161,10 Days,"Day 1, Day 3, Day 5, Day 10, Day 14",Single-Arm Pre-Post Study,↑ 78% asymptomatic by day 3|↑ 74% RT-PCR negative by day 5|↑ 98% RT-PCR negative by day 10|Symptom relief observed as early as day 1|No adverse effects reported,Acceptable,"Kanchibhotla et al., 2023",Alternative Therapies in Health and Medicine,"Sri Sri Institute for Advanced Research (SSIAR), Bengaluru, Karnataka, India",India,https://pubmed.ncbi.nlm.nih.gov/35951065/,Kanchibhotla-2023-Rate of Recovery and Symptom.pdf,Reviewed,
157,Das_2023_01,2023,Ayurveda,PH: Immunity,Patients,NAOQ19 accelerates COVID-19 recovery in patients,Patients with Mild COVID-19,44,10 Days,"Day 0, Day 5, Day 10",Double-Blind Randomized Controlled Trial,↑ 76% RT-PCR clearance by day 5 (vs. 0% placebo)|↑ 44% symptomatic recovery by day 5 (vs. 5.2% placebo)|↑ 100% symptomatic recovery by day 10|No adverse effects reported,Mixed Reputation,"Das et al., 2023",Archives of Clinical and Medical Case Reports,"Sri Sri Institute for Advanced Research (SSIAR), Bengaluru, Karnataka, India",India,https://doi.org/10.26502/acmcr.96550565,Das-2023-The Efficacy of a Plant Based Formula.pdf,Reviewed,
158,Bhardwaj_2023_01,2023,Ayurveda,PH: Immunity,Patients,NAOQ19 shortens COVID-19 recovery and hospital stay,Patients with Mild-to-Moderate COVID-19,150,7 Days,"Baseline, Day 3, Day 5, Day 7",Double-Blind Randomized Controlled Trial,↑ 53% RT-PCR clearance by day 3 (vs. 36% placebo)|↑ 89% RT-PCR clearance by day 7 (vs. 75% placebo)|↓ 0.6 days faster RT-PCR clearance|↓ 0.8 days reduction in hospital stay|No adverse effects reported,Acceptable,"Bhardwaj et al., 2023",Journal of Ayurveda and Integrative Medicine,"Sri Sri Institute for Advanced Research (SSIAR), Bengaluru, Karnataka, India",India,https://pubmed.ncbi.nlm.nih.gov/37976809/,Bhardwaj-2023-Effectiveness of ayurvedic formu.pdf,Reviewed,
159,Arun_2023_01,2023,Ayurveda,PH: Immunity,Patients,NAOQ19 accelerates COVID-19 recovery,Patients with Mild-to-Moderate COVID-19,124,10 Days,"Baseline, Day 3, Day 5, Day 7, Day 10",Double-Blind Randomized Controlled Trial,↓ 57% reduction in C-reactive protein (CRP) by Day 5|↑ 34% RT-PCR clearance by Day 3 (vs. 8% placebo)|↑ 82% RT-PCR clearance by Day 7 (vs. 73% placebo)|↓ 0.8 days faster RT-PCR clearance|↓ 0.8 days shorter hospital stay|No adverse effects reported,Acceptable,"Arun et al., 2023",Beni-Suef University Journal of Basic and Applied Sciences,"Sri Sri Institute for Advanced Research (SSIAR), Bengaluru, Karnataka, India",India,https://doi.org/10.1186/s43088-023-00420-6,Arun-2023-Efcacy of polyherbal formulation alo.pdf,Reviewed,
160,Kanchibhotla_2024_01,2024,Ayurveda,"PH: Immunity, PH: Breath & Lungs",Preclinical,Kabasura Kudineer reduces viral load and protects lungs,COVID-19-Infected Syrian Golden Hamsters,19,3 Days,Day 4,In vivo Study,"↓ 65% reduction in lung viral load|Improved lung pathology with reduced edema, haemorrhage and congestion|Significant antiviral activity against SARS-CoV-2|No adverse effects or toxicity observed",Predatory,"Kanchibhotla et al., 2024",Journal of Ayurveda & Holistic Medicine,"Sri Sri Institute for Advanced Research (SSIAR), Bengaluru, Karnataka, India",India,https://jahm.co.in/index.php/jahm/article/view/1100/786,Kanchibhotla-2024-Evaluating the efficacy of a.pdf,Reviewed,
161,Khapre_2023_01,2023,Ayurveda,"PH: Immunity, PH: Immunity",Patients,Kabasura Kudineer supports COVID-19 recovery and immunity,Patients with Mild or Asymptomatic COVID-19,100,10 Days,"Baseline, Day 5, Day 10, Day 28",Double-Blind Randomized Controlled Trial,↑ 84% symptom-free by Day 10 with Kabasura Kudineer|↓ 56% reduction in CRP among vaccinated participants|↑ Greater increase in IgG levels among unvaccinated participants|Comparable symptom resolution and virological clearance to standard therapy,Acceptable,"Khapre et al., 2023",Journal of Ayurveda and Integrative Medicine,"All India Institute of Medical Sciences (AIIMS), Rishikesh, Uttarakhand, India",India,https://pubmed.ncbi.nlm.nih.gov/37536025/,Khapre-2023-Effectiveness of Kabasura Kudineer.pdf,Reviewed,